SNP,CHR,POS,major_al,minor_al,freq,RA.beta,RA.SE,RA.P,PS.beta,PS.SE,PS.P,MS.beta,MS.SE,MS.P,SLE.beta,SLE.SE,SLE.P,CD.beta,CD.SE,CD.P,CeD.beta,CeD.SE,CeD.P,T1D.beta,T1D.SE,T1D.P
rs6426833,1,20171860,A,G,0.451292246520875,-0.0213616823183071,0.0215556834695329,0.322,-0.0654746208123846,0.0541112568697393,0.227,0.044051399902543,0.0323907352224581,0.08705,0.00107877316625631,0.0386657048837389,0.511,-0.0273577037232852,0.0322995321408326,0.397,0.0030153988876413,0.0279203600707528,0.5432,-0.0122433923607124,0.0221800586244789,0.29
rs2201841,1,67694202,A,G,0.300198807157058,0.00032764043780063,0.0234028884143307,0.9889,0.303141215386716,0.0587482975555651,2.71e-07,-0.0784211728569796,0.0351664452273451,0.0129,-0.0138111389326287,0.0419791456918805,0.628836,0.347868871249029,0.0350674265372005,3.5e-23,0.0296157846021409,0.0303129832161115,0.8356,0.0041418922899037,0.0240807691273471,0.568131592
rs11465804,1,67702526,T,G,0.0656063618290258,-0.0175893342530372,0.0433234833818651,0.685,-0.527461700959051,0.108754989888464,1.29e-06,-0.109368349571543,0.0651002080782996,0.9533,-0.0282094180961949,0.0777118955818041,0.358404,-0.811461305508596,0.0649169044406877,1.01e-35,0.0645327876445309,0.0561154675169834,0.1243,-0.0437759669897759,0.0445783777899959,0.163
rs10889677,1,67725120,C,A,0.298210735586481,0.000515844691806761,0.0234474859912164,0.98214,0.300775882118589,0.0588602509038335,3.48e-07,-0.0912546612891382,0.0352334599571962,0.004856,-0.0123653880432842,0.0420591430043679,0.615755,0.361882801498462,0.0351342525726662,8.99e-25,0.0343189463412757,0.0303707489745803,0.8711,0.00201940131675408,0.024126658503633,0.533333824
rs11209032,1,67740092,G,A,0.333996023856859,-0.0146011563342784,0.0227432341655426,0.52116,0.302018620056165,0.0570923667402959,1.3e-07,-0.0410102557128196,0.0341752130940163,0.115,-0.0305969136256884,0.0407958848342512,0.226649,0.287626637038801,0.0340789854311376,3.07e-17,0.0341719238013761,0.0294585550011863,0.8775,0.00362731116883033,0.0234020075408408,0.438517585
rs2476601,1,114377568,G,A,0.0944333996023859,0.666452646253169,0.0366807554765352,9.12e-74,-0.00092079742429522,0.092079742429522,0.995,0.0216615650137578,0.0551184860400961,0.347,0.262527801542919,0.0657964414894534,3.26e-05,-0.235792505896464,0.0549632880877539,1.81e-05,0.0821946578726658,0.0475113629321768,0.0422,0.769962069789944,0.0377432387151934,1.52e-92
rs2274910,1,160852046,C,T,0.3220675944334,-0.00608331695001473,0.0229559130189235,0.79074,-0.0558974670679316,0.0576262547092078,0.331,0.0261125604478082,0.0344947958359421,0.2244,0.0162238875142199,0.0411773794777155,0.346835,-0.175084131744308,0.0343976683191175,3.51e-07,0.0686856112597814,0.0297340308483902,0.0105,0.0351950617067723,0.0236208467830687,0.932
rs9286879,1,172862234,A,G,0.234592445328032,0.00926486262670977,0.0253138323134147,0.715,0.0305017642613963,0.0635453422112423,0.633,-0.0242301632130257,0.0380379328304956,0.7379,0.0286517657840921,0.0454069188337433,0.736,0.192309302266479,0.0379308288494042,4.01e-07,0.0508216562299331,0.0327881653096342,0.06053,0.00916856681911299,0.0260470648270255,0.637646602
rs1234315,1,173178463,C,T,0.481113320079523,0.0666811040676798,0.0214684816702124,0.001898,0.00592815895024766,0.0538923540931605,0.913,-0.0136781132600014,0.0322597010849089,0.6643,0.0955030289243405,0.0385092858565889,0.0065497,-0.0559738285070603,0.0321688669580806,0.08229652,0.0511656352823836,0.0278074104795563,0.0325,-0.00947675198408653,0.0220903309652367,0.334098973
rs2816316,1,192536813,A,C,0.182902584493042,-0.0269422382686263,0.0277468983199035,0.33166,-0.0299508203538549,0.0696530705903601,0.669,0.130085246730573,0.041693989336722,0.0009029,-0.00404142576743169,0.0497712532934937,0.532,-0.019291538197177,0.0415765909421918,0.6427438,0.247624083829171,0.0359396348082977,2.7e-12,-0.112203882597988,0.02855060625903,4.23e-05
rs11584383,1,200935866,T,C,0.297216699801193,0.0535351775261393,0.023470047139912,0.022526,-0.00176750658543631,0.0589168861812104,0.973,0.116734966759694,0.0352673615588201,0.0004625,-0.0128403817428748,0.0420996122717208,0.619735,-0.174785251823685,0.0351680587170392,6.82e-07,0.0254447762964334,0.0303999716803266,0.2013,-0.0557862069799036,0.0241498731514734,0.010393326
rs3024505,1,206939904,G,A,0.167992047713718,-0.0276872928946069,0.0286914952275719,0.33438,0.0641016210264484,0.0720242932881443,0.376,0.0629455519002545,0.0431133917125031,0.07267,0.216670313491624,0.051465632658343,1.26e-05,0.103180792044716,0.0429919966852985,0.016224012,0.0598326550376144,0.0371631397749158,0.054,-0.143184435710155,0.0295225640639495,6.2e-07
rs917997,2,103070568,C,T,0.220675944333996,0.00716480728441196,0.0258657302686352,0.782,-0.009739615841927,0.0649307722795133,0.883,0.0124763854948041,0.0388672445321,0.374,0.0519645177538899,0.0463968908516874,0.130576,0.164720673143563,0.0387578054455442,2.17e-05,0.255963075706275,0.0335030203804024,1.08e-14,-0.0404547223052303,0.02661494888502,0.936
rs1990760,2,163124051,T,C,0.394632206759443,-0.0226921633931017,0.0219459994130578,0.30124,-0.131116740481561,0.0550910674292273,0.0173,0.00352856522127107,0.0329772450586081,0.5428,-0.134237506511091,0.0393658376865368,0.000320084,0.018941408946658,0.0328843905323923,0.5646098,0.0108587027137331,0.0284259233343799,0.6488,-0.140458051696098,0.0225816803369932,2.48e-10
rs1344706,2,185778428,A,C,0.377733598409543,0.0417495883971956,0.0221248481172208,0.05922,0.0738682419426955,0.0555400315358612,0.184,0.00515312888238085,0.0332459927895539,0.5616,0.0299237334889791,0.0396866491896274,0.225446,-0.0745928584791734,0.0331523815462993,0.02474396,0.0270814132078771,0.0286575801141557,0.1723,-0.0259529088488439,0.0227657095165298,0.873880827
rs3821236,2,191902758,G,A,0.198807157057654,0.126643243832888,0.0268767495400866,2.45e-06,-0.11267278763884,0.0674687351130781,0.095,0.00367920620922464,0.0403864567423122,0.4637,0.301315099629056,0.0482104159406489,2.11e-10,-0.0668527483784632,0.040272739987026,0.0963,0.065099487249148,0.0348125600262824,0.03079,0.0937513077481156,0.027655253023043,0.000346621
rs3087243,2,204738919,G,A,0.470178926441352,-0.12263003589513,0.0214914188389643,1.16e-08,0.0134874833235287,0.0539499332941147,0.8,-0.0217016807042085,0.032294167714596,0.2507,-0.0201618746877903,0.0385504296133657,0.3,-0.0386438838474704,0.0322032365395586,0.2317342,0.0793357926599996,0.0278371202315788,0.002163,-0.187526147810407,0.0221139325248121,1.1e-17
rs3828309,2,234180410,G,A,0.463220675944334,0.00397961586090032,0.0215114370859477,0.85308,-0.0302401036685522,0.0540001851224147,0.577,0.0675576787686074,0.0323242482146447,0.01842,0.0709988610505162,0.0385863375274545,0.967414,-0.300413725422685,0.0322332323414898,1.13e-20,0.00847036695719181,0.0278630492012889,0.3805,-0.0263400914307174,0.0221345306140482,0.116837844
rs6441961,3,46352384,C,T,0.302186878727634,0.0258350342744722,0.0233589821649839,0.26862,-0.0187641854872346,0.0586380796476083,0.749,0.00286419829680781,0.0351004693236252,0.4675,0.055308512759947,0.0419003884545053,0.906242,-0.0178858362018449,0.0350016364028276,0.609,0.171854721335713,0.0302561129112171,6.86e-09,0.0894123989045598,0.0240355911033763,0.000100413
rs3197999,3,49721532,G,A,0.313121272365805,0.00393200339138632,0.0231294317140372,0.86512,-0.00696742066656343,0.0580618388880286,0.906,-0.0326006912739205,0.0347555344071647,0.8259,-0.0497863562738388,0.041488630228199,0.114468,0.179526744714532,0.0346576727248132,2.17e-07,0.0425414730594278,0.0299587838446674,0.0779,-0.0283212759637641,0.0237993915661883,0.11729256
rs6445975,3,58370177,T,G,0.261431411530815,0.0543390625577562,0.0244110793161528,0.026,-0.0183837480988843,0.0612791603296144,0.766,0.0143057488768188,0.0366814073764585,0.6518,0.101149349917502,0.0437875973668841,0.0103178,-0.0746193708884712,0.0365781229845447,0.04111466,0.0273186944946899,0.0316188593688541,0.1938,0.00283835241561845,0.0251181629700748,0.455114815
rs10517086,4,26085511,G,A,0.302186878727634,0.119925014435027,0.0233589821649839,2.84e-07,0.0328373246026606,0.0586380796476083,0.572,0.0128116713031232,0.0351004693236252,0.358,0.00578225360672173,0.0419003884545053,0.554995,0.0973045491998608,0.0350016364028276,0.00551,0.0047804658399723,0.0302561129112171,0.5629,0.117053328673443,0.0240355911033763,5.68e-07
rs4505848,4,123132492,A,G,0.346918489065606,-0.011740905377337,0.0225353270198406,0.60244,0.00735415943530171,0.0565704571946285,0.899,0.018252049511539,0.0338628005779944,0.7049,0.0456779329182663,0.0404229494851914,0.128952,0.101640032265042,0.0337674525797483,0.00259432,0.0904867053436661,0.0291892597882794,0.0009641,0.152577554701269,0.0231880782220774,2.29e-11
rs6822844,4,123509421,G,T,0.153081510934394,-0.101556121469238,0.029790590046711,0.000652,-0.127879532381381,0.0747833522698135,0.0866,0.05416559071217,0.0447649510017934,0.1138,-0.00881712877131904,0.0534371440686002,0.434359,-0.108918929796229,0.0446389056541921,0.014734762,0.126950442864868,0.0385867607492001,0.0004937,-0.0324927046134008,0.0306534949183027,0.145
rs6897932,5,35874575,C,T,0.271371769383698,-0.0307564450710499,0.0241227020165097,0.20218,-0.0799329253330924,0.060555246464464,0.186,0.127230746960522,0.0362480760571288,0.0002259,-0.0396356112342318,0.0432703179413011,0.179797,0.0169163335236849,0.0361460118027455,0.6399136,0.0518672541763639,0.0312453338411831,0.04895,-0.0632946531916425,0.0248214326241735,0.00538
rs4613763,5,40392728,T,C,0.134194831013916,0.0272207074870251,0.0314690259965609,0.38692,0.0568776470072958,0.0789967319545775,0.473,-0.200970003264651,0.0472870595916827,1.09e-05,0.0237645465106279,0.0564478539444843,0.336919,0.455035257602197,0.0471539127048909,5.02e-22,0.0020869520909813,0.0407607830269786,0.5204,-0.0164169377936856,0.0323805479165396,0.306187103
rs30187,5,96124330,C,T,0.349900596421471,0.0109303816519277,0.0224904972261886,0.62698,0.0451663367298768,0.0564579209123459,0.422,0.00378508893354784,0.0337954369066771,0.4556,-0.0111411615774765,0.04034253563175,0.608789,-0.0247697047602221,0.0337002785853362,0.4625678,0.0320443125718698,0.0291311932471543,0.8651,0.0439697048151437,0.0231419499027072,0.028671999
rs2188962,5,131770805,C,T,0.386679920477137,-0.00643168449028725,0.0220263167475591,0.77,0.163113429971393,0.0552926881258958,0.00317,0.043027314495314,0.0330979342271646,0.0962,0.0584746633098471,0.0395099076417886,0.0698,0.193407775665372,0.0330047398746369,4.58e-09,0.0507833211588247,0.0285299557072049,0.03731,0.0652732534603336,0.0226643241181714,0.002007092
rs20541,5,131995964,G,A,0.20675944333996,-0.0085286839609634,0.0264865961520602,0.747,-0.310505183320662,0.066489332616844,3.15e-06,-0.0360589732007825,0.0398001911708416,0.8175,-0.0213797586254702,0.047510574723267,0.327,-0.0809637753516266,0.039688125172366,0.0416228,0.0394532884126957,0.0343072073153876,0.1259,-0.012536747344297,0.0272537985745587,0.677361744
rs11747270,5,150258867,A,G,0.106361829025845,0.0348274442513306,0.0347926515997309,0.31664,0.0646316244998449,0.0873400331078986,0.458,0.0282319123081097,0.052281319089092,0.7055,-0.0484922886071128,0.062409637846992,0.781338,0.340435736932088,0.0521341097905188,6.37e-11,0.00707532506733275,0.0450657647600812,0.5625,0.0415285157530566,0.035800444614704,0.122576757
rs17728338,5,150478318,G,A,0.0695825049701789,0.0199825385853203,0.04215725439941,0.63546,0.568293159156899,0.105827403939832,8.51e-08,-0.024452238975323,0.0633477693661218,0.6503,0.00727464031077762,0.0756199616504951,0.538317,0.0253940988388408,0.063169400096619,0.6873984,0.0289405916433798,0.0546048898931694,0.2979,0.0156595909148733,0.0433783681852445,0.640888744
rs2082412,5,158717789,G,A,0.225646123260437,-0.0304855508057278,0.0256612380519595,0.23466,-0.396167226689632,0.0644174352340866,8.79e-10,NA,0.0385599634730346,NA,-0.174914308038953,0.0460300810628824,7.11e-05,0.0995890990701916,0.0384513896023906,0.009604856,0.0122981149122612,0.0332381484115167,0.3558,8.68709149223347e-05,0.026404533411044,0.501311149
rs7709212,5,158764177,T,C,0.353876739562624,-0.0128762523083657,0.0224324953107416,0.56608,-0.354204484230848,0.0563123186376547,3.79e-10,0.119898325277449,0.033708280093102,0.0001876,-0.091964203466128,0.0402384941640539,0.0111424,0.110758969222743,0.0336133671805154,0.000983911,0.00358516461259565,0.0290560652946419,0.5491,0.0285998022342635,0.0230822679220006,0.892
rs10045431,5,158814533,C,A,0.282306163021869,0.0106521927728529,0.023830408887814,0.6546,0.269794977128128,0.0598215026891636,6.61e-06,0.0116736885560517,0.0358088606013855,0.6278,0.101308054273631,0.0427460144614477,0.00878036,-0.205321190052361,0.0357080330525845,8.81e-09,0.0145073660470606,0.0308667362703416,0.681,0.00277083605177365,0.0245206730245456,0.455022748
rs6908425,6,20728731,C,T,0.204771371769384,0.00701753498024635,0.0265815718948725,0.79188,-0.155475658275104,0.0667277503326625,0.0196,0.0339514708277016,0.0399429068561196,0.1977,-0.0486345570994973,0.0476809383328405,0.844959,-0.205525065296434,0.0398304390109368,2.53e-07,0.0193497871452531,0.0344302262371051,0.2871,0.0171220548721658,0.0273515253548975,0.734399607
rs11755527,6,90958231,C,G,0.472166998011928,-0.0302744450298658,0.021486476245469,0.158742,-0.0361381423503266,0.0539375258960099,0.505,-0.0897571391638666,0.0322867407064268,0.002699,0.03969781070469,0.0385415637909611,0.847751,-0.0830652425448194,0.0321958304437284,0.00996,0.0962942851607976,0.0278307182545658,0.0002751,0.124030630355614,0.0221088467657065,1.03e-08
rs7746082,6,106435269,G,C,0.291252485089463,-0.00861734642457587,0.0236091682865092,0.71526,0.0669707180347491,0.0592661221546452,0.258,0.0503765057701708,0.0354764125142048,0.07821,0.0285433352581876,0.0423491621041359,0.75,0.163793292436018,0.0353765210444962,3.71e-06,0.0242806555165299,0.0305801706757304,0.2135,-0.029637489325742,0.0242930240374935,0.88911224
rs548234,6,106568034,T,C,0.314115308151093,0.0901040706134755,0.0231095333709863,9.67e-05,-0.0417685593993893,0.0580118880547074,0.473,-0.0220160520075103,0.0347256340812465,0.2629,0.16373910270191,0.0414529373928885,3.87e-05,-0.0243087553259649,0.0346278565896936,0.482,0.0252035945736939,0.0299330101825343,0.8,0.0218290456719576,0.0237789168539843,0.820691348
rs6568431,6,106588806,C,A,0.394632206759443,0.0589469544234732,0.0219459994130578,0.00724,0.00881457078867637,0.0550910674292273,0.872,-0.0213033003078608,0.0329772450586081,0.2591,0.172422369067031,0.0393658376865368,6.06e-06,-0.0221311948283,0.0328843905323923,0.501,0.00403648111348195,0.0284259233343799,0.5565,0.0183137427533015,0.0225816803369932,0.791312498
rs9388489,6,126698719,A,G,0.450298210735586,-0.0169029948432311,0.0215599424020805,0.43284,0.00757707273021792,0.0541219480729851,0.89,-0.0129264568349674,0.0323971349247303,0.6551,0.00220824796427213,0.0386733443830495,0.477227,-0.0198358310875471,0.0323059138233667,0.539,0.0466362137958684,0.0279258765244721,0.04728,0.121792580650408,0.0221844409199287,1.98e-08
rs610604,6,138199417,T,G,0.337972166998012,-0.0942223036112944,0.0226768480412261,3.25e-05,0.254457957566907,0.0569257175764893,7.97e-06,0.0102907882299199,0.0340754577149665,0.3814,-0.0524730773083683,0.0406768041150142,0.0990606,0.0458723397619974,0.0339795109348129,0.17571424,0.0111322029921844,0.0293725672617004,0.6476,-0.00427006682493357,0.0233336984969048,0.427360289
rs2301436,6,167437988,C,T,0.447316103379722,0.0430817836204491,0.0215732516877562,0.045824,0.0666110908172897,0.0541553583880404,0.219,0.0286567466123355,0.0324171341768501,0.1883,0.0283263636025519,0.0386972180362731,0.231955,0.165185128060415,0.0323258567632906,3.29e-07,0.0424735357115037,0.0279431155996735,0.06374,-0.019223585531954,0.0221981357181916,0.193127779
rs7804356,7,26891665,T,C,0.221669980119284,-0.0334939159743397,0.0258241449301,0.194722,0.0803847118902107,0.0648263805566216,0.215,0.0399688988390605,0.0388047561544277,0.1506,-0.00251066848489945,0.0463222967693626,0.478372,0.133112495979647,0.0386954930173392,0.000587627,0.0431494115936044,0.0334491562741119,0.09911,-0.149335533572324,0.0265721589986341,9.51e-09
rs849142,7,28185891,C,T,0.492047713717694,-0.0208121979381156,0.0214558741630058,0.332,-0.0592467759987386,0.0538607054533988,0.272,-0.0525524328717764,0.032240756363053,0.05171,0.183966287499162,0.0384866710249293,8.96e-07,0.0684794479836186,0.0321499755791637,0.0334,0.0173416341662751,0.0277910803946716,0.7336,-0.0470247731213565,0.0220773582729373,0.016452359
rs1456893,7,50269672,A,G,0.305168986083499,0.00435605238519439,0.0232943977817882,0.85188,-0.0345008125039928,0.058475953396598,0.556,-0.00232772751898901,0.0350034213381806,0.4735,0.0785549344948593,0.0417845396249252,0.0298362,-0.141713738408048,0.0349048616768592,4.93e-05,0.0440517900043616,0.030172458907097,0.0727,0.00575259263741478,0.0239691359892282,0.595
rs4917014,7,50305863,T,G,0.353876739562624,-0.0554755609034641,0.0224324953107416,0.013411,0.0495548404011361,0.0563123186376547,0.377,0.116967731923064,0.033708280093102,0.0002642,-0.116289248134116,0.0402384941640539,0.0019361,0.0537813874888247,0.0336133671805154,0.11,0.0263538512222402,0.0290560652946419,0.1823,-0.075709838784162,0.0230822679220006,0.000515623
rs4948088,7,51027194,C,A,0.026838966202783,0.069823525747214,0.0663721727635114,0.29258,-0.249921211810704,0.166614141207136,0.133,0.0704124967726258,0.0997344146921046,0.2401,-0.0213109691384492,0.11905569351089,0.428865,-0.231726867022168,0.0994535909966386,0.019646376,0.168500550266254,0.0859696685031906,0.9748,-0.33464397250713,0.0682946882667611,4.83e-07
rs1167796,7,75173180,G,A,0.45427435387674,-0.00566592392657219,0.0215434369831642,0.79288,0.04813165790589,0.054080514501,0.376,-0.052508430315998,0.032372332990029,0.9476,NA,0.0386437376365178,NA,0.03059494191532,0.0322811817238469,0.3432496,0.020635534113061,0.0279044976041556,0.2298,-0.00118017306555632,0.0221674574102337,0.478770745
rs886774,7,107495434,A,G,0.388667992047714,-0.0224237121786954,0.0220056056709474,0.30804,0.0828610456298812,0.0552406970865875,0.133,0.0636613758478354,0.0330668126438639,0.9729,0.0188761975539835,0.039472756958201,0.683749,0.0355803762950084,0.0329737059208476,0.2805642,0.00727284092403651,0.0285031293383139,0.3993,-0.00991157608832907,0.0226430131310216,0.33079021
rs4728142,7,128573967,G,A,0.449304174950298,0.0968236619928874,0.0215642899761442,7.13e-06,0.0730793634207255,0.05413286179313,0.177,-0.0494128781022652,0.0324036678245363,0.06364,0.239701700276199,0.0386811428838923,2.88e-10,0.0250519517014698,0.0323124283283881,0.4381602,0.0596958121664737,0.0279315077925997,0.01629,-0.0052419686099243,0.0221889144244567,0.406622182
rs7020673,9,4291747,G,C,0.465208747514911,0.0214622742390457,0.021505284808663,0.31838,0.124704751834069,0.0539847410537097,0.0208,-0.00591356403966677,0.0323150034702215,0.5726,-3.98379100276504e-05,0.0385753018236602,0.499588,0.0340504384960335,0.0322240136276329,0.2906582,0.0324387158955688,0.0278550803610855,0.8779,-0.146033029340077,0.0221282001318327,2.06e-11
rs10758669,9,4981602,A,C,0.352882703777336,0.0217060633518243,0.0224468080163643,0.33352,0.0653639674931828,0.0563482478389507,0.244,-0.112621593633721,0.0337297871382763,0.0004205,0.0105511674098533,0.0402641677110085,0.396642,0.167062639557047,0.0336348136679782,6.8e-07,0.0519127506551554,0.0290746040663369,0.03709,0.0221635375347877,0.0230969952049575,0.16863198
rs4263839,9,117566440,G,A,0.3220675944334,-0.0112254414662536,0.0229559130189235,0.62464,0.0103727258476574,0.0576262547092078,0.861,-0.0104016852970777,0.0344947958359421,0.3815,-0.0530831012790369,0.0411773794777155,0.901324,-0.174481243811679,0.0343976683191175,3.93e-07,0.0182034182775223,0.0297340308483902,0.7298,-0.00598418631990624,0.0236208467830687,0.400001419
rs2104286,10,6099045,T,C,0.219681908548708,-0.0810132731135998,0.0259076664897985,0.001765,-0.00390216268940806,0.0650360448234676,0.95,0.240012324571402,0.0389302601649771,3.52e-10,0.0176711370977223,0.0464721143329437,0.648121,-0.0299256423916722,0.0388206436443534,0.4407844,0.0163262468922514,0.0335573389732942,0.3133,-0.171758264363841,0.0266580998175898,5.86e-11
rs12251307,10,6123495,C,T,0.0974155069582505,0.0125163990121263,0.0361745636188621,0.72968,0.0871766864929963,0.0908090484302044,0.336,-0.0180820321155167,0.0543578547914127,0.6303,0.0163573528266744,0.0648884552030985,0.599512,0.0910377722534108,0.0542047985599478,0.09305162,0.0435912947569143,0.0468557094498321,0.1761,-0.301227291685568,0.0372223846632078,2.92e-16
rs947474,10,6390450,A,G,0.178926441351889,-0.124479479965337,0.0279854945965236,8.67e-06,-0.0674419383326156,0.0702520190964746,0.336,-0.0139218597678805,0.0420525169998318,0.6297,-0.0519245019662971,0.0501992375525495,0.849518,-0.0986640395691319,0.0419341090935539,0.018630884,0.0740752665857906,0.0362486806320679,0.0205,-0.106273437587755,0.0287961136404357,0.000111886
rs11258747,10,6472891,G,T,0.218687872763419,0.0786283709722809,0.0259499574165944,0.002442,0.122467350636509,0.0651422077853773,0.0601,-0.0963781266370766,0.0389938087977121,0.006725,0.0280968900302703,0.0465479740706812,0.726949,0.00408201650185954,0.038884013342245,0.9163922,0.00717347139032462,0.0336121170045979,0.4155,0.128343101970919,0.0267016157300842,7.68e-07
rs17582416,10,35287650,T,G,0.359840954274354,-0.0123367601619575,0.022349203191952,0.58096,0.125110203650583,0.0561032303365844,0.0258,-0.0639242684692009,0.0335831208528651,0.02849,0.0428352823048844,0.0400890881622068,0.142647,0.149114613149656,0.0334885603530387,8.48e-06,0.0124953150327128,0.0289481797826398,0.333,-0.0351251022095475,0.022996563189867,0.063329969
rs1913517,10,50119054,A,G,0.489065606361829,-0.0945023182466148,0.021458292063264,1.06e-05,0.0420160845867225,0.0538667751111827,0.438,0.0123548096648098,0.0322443896306861,0.3508,-0.0915594180252521,0.038491008155689,0.00868638,-0.0127694222780993,0.0321535986165503,0.6912656,0.00390033584110587,0.0277942122204809,0.4442,-0.0168322249431351,0.0220798462093348,0.222930242
rs10995271,10,64438486,G,C,0.375745526838966,-0.0309185386811058,0.0221479503446316,0.162772,-0.037806657056954,0.0555980250837559,0.496,0.0690311087634119,0.0332807074453046,0.01903,-0.0391483525922019,0.0397280890218874,0.837788,0.222794907284079,0.0331869984554702,1.9e-11,0.0331263918460481,0.028687503661171,0.1241,-0.0162002891325412,0.0227894809158015,0.761416661
rs10509540,10,90023033,T,C,0.259443339960239,0.0500197785150901,0.0244715159075783,0.040904,0.0933749290487831,0.0614308743741994,0.129,-0.0151170211342146,0.0367722226657709,0.6595,-0.00376094360378167,0.0438960060569422,0.465861,-0.0708273571375749,0.0366686825638775,0.0534152,0.0084495173985188,0.0316971408762085,0.3949,-0.138354551723972,0.0251803501488194,1.96e-08
rs11190140,10,101291593,C,T,0.495029821073559,0.0229989241412879,0.0214542202810522,0.28374,-0.00107713107423278,0.0538565537116389,0.98,0.0556338349192859,0.0322382711506252,0.9578,-0.0999734070910589,0.0384837043590093,0.995309,0.20528584914713,0.032147497364386,1.71e-10,0.00268595301918256,0.0277889381763688,0.4615,0.0207783766023415,0.0220756564851587,0.173292268
rs4963128,11,589564,C,T,0.329025844930418,0.0110950598402818,0.0228293412351478,0.62664,-0.0280811754936529,0.0573085214156181,0.625,0.0366008710715967,0.0343046022315171,0.143,-0.117117206815653,0.0409503401799359,0.00211833,0.00569205554803613,0.0342080102456927,0.8678458,0.000466983079573987,0.0295700866253823,0.4937,-0.0272854563526618,0.0234906087607708,0.122709672
rs7111341,11,2213166,C,T,0.261431411530815,-0.0154033910484924,0.0244110793161528,0.52788,0.021447706115365,0.0612791603296144,0.725,-0.0627899462165252,0.0366814073764585,0.04347,NA,0.0437875973668841,NA,-0.0141149965394509,0.0365781229845447,0.6995808,0.0637436131520344,0.0316188593688541,0.9781,-0.383752631331528,0.0251181629700748,5.37e-53
rs7927894,11,76301316,C,T,0.37375745526839,-0.0531229127407997,0.0221714994744573,0.016562,0.0723542826386818,0.0556571404912937,0.195,-0.0211980541554537,0.033316093640782,0.7377,0.0273024494818759,0.0397703304894518,0.753802,0.174783836792012,0.0332222850135034,1.43e-07,0.000626322337906329,0.0287180060660247,0.4913,0.0416710671447225,0.022813712162323,0.033881482
rs6590330,11,128311059,G,A,0.099403578528827,0.114112127584825,0.0358504956282832,0.001458,-0.0467976808950422,0.0899955401827735,0.602,-0.144472738133816,0.0538708927105419,0.003661,0.133314592742615,0.0643071552733746,0.0190819,0.0348545099295091,0.0537192076255517,0.5164498,0.0638391713082885,0.0464359549569089,0.9154,0.065127072491993,0.0368889298210305,0.038740643
rs1006737,12,2345295,G,A,0.31610337972167,-0.00613667495662308,0.0230702066038462,0.79016,0.0891862756803053,0.0579131660261723,0.123,-0.00419863568488416,0.0346665395550446,0.4518,-0.0421799033247456,0.0413823946437143,0.154037,-0.0364094127768109,0.0345689284568403,0.2922308,0.00591073279534511,0.0298820715286743,0.5784,-0.00136650255268587,0.0237384509600631,0.477047588
rs1800693,12,6440009,T,C,0.42544731610338,-0.0168792465260885,0.0216956896222217,0.43662,0.0914973603179631,0.054462714474978,0.0937,-0.136518328685816,0.0326011160358369,1.41e-05,NA,0.038916842203946,NA,-0.0243334377660481,0.0325093205817826,0.4541548,0.00333258792982731,0.0281017053851204,0.5472,0.0236039349474932,0.0223241201513989,0.854819221
rs4763879,12,9910164,G,A,0.357852882703777,0.00431866048099175,0.0223764791761231,0.84664,0.00168515103812545,0.0561717012708484,0.977,0.0764422104654915,0.0336241072211455,0.0115,0.0367331368239903,0.0401380147089277,0.180051,0.0652857257145162,0.0335294313153838,0.05152068,0.0651713892864608,0.0289835094580091,0.01227,0.115275129368168,0.023024629241626,2.77e-07
rs11175593,12,40601940,C,T,0.0178926441351889,-0.0660289964820868,0.0809178878456947,0.41436,0.087345154558818,0.203128266415856,0.666,0.221583958930026,0.121591592476063,0.9658,0.0756010185975993,0.145147203320151,0.698767,0.639597180358222,0.1212492251955,1.33e-07,0.0136208848255179,0.104810249603537,0.4483,0.055003869805865,0.0832617299619964,0.745570076
rs2292239,12,56482180,G,T,0.333001988071571,-0.037235646503583,0.0227601751244395,0.101738,0.102271459631339,0.0571348936487925,0.073,0.00606694653841101,0.0342006694946366,0.4296,0.0233974758854148,0.0408262728346169,0.716711,0.0419666893359303,0.0341043701537867,0.2184962,0.0602920621911377,0.0294804980619579,0.02042,0.247443989910831,0.0234194392062306,2.15e-26
rs2066808,12,56737973,A,G,0.0695825049701789,0.0374356419066761,0.04215725439941,0.37452,-0.451883014823083,0.105827403939832,2.02e-05,0.070404153223094,0.0633477693661218,0.1332,0.00718702165419208,0.0756199616504951,0.537859,-0.10322840150669,0.063169400096619,0.10222704,0.0693305281726946,0.0546048898931694,0.1021,0.0365791647615833,0.0433783681852445,0.800457973
rs703842,12,58162739,A,G,0.320079522862823,-0.0630709080706579,0.0229934043276186,0.006091,-0.00750364799396018,0.0577203691843091,0.894,0.143117473777634,0.0345511323030647,1.72e-05,-0.0185070419340357,0.0412446298564734,0.673181,-0.0392819325287251,0.0344538461588001,0.2542314,0.0595321962145604,0.0297825920939555,0.02281,-0.0514804203946192,0.0236594240532323,0.01478156
rs1558744,12,68504592,G,A,0.402584493041749,0.00433071601126806,0.0218723030872124,0.84314,0.0230605483324277,0.0549060674581612,0.672,-0.0220648037156286,0.0328665049755716,0.749,0.0292829408634617,0.0392336442262748,0.227721,0.0234245045508657,0.0327739622618776,0.4747764,0.00421239437642004,0.0283304669339182,0.5591,-0.00191093538858451,0.0225058493465276,0.466167112
rs3184504,12,111884608,C,T,0.464214711729622,0.0626967456971951,0.0215083175633602,0.003559,0.110144402529842,0.0539923541812952,0.0412,-0.110024662834499,0.032319560651372,0.0003317,0.103727453916022,0.038580741855208,0.00358782,0.110285158540759,0.0322285579770597,0.000621691,-0.204199284226662,0.0278590085874056,1.15e-13,0.26287278615144,0.0221313207323496,7.71e-33
rs1385374,12,129300694,C,T,0.111332007952286,0.00514942147091471,0.034102128946455,0.87982,-0.0624928277101208,0.0856066133015353,0.465,0.00102766016855108,0.0512437024225186,0.508,0.100195027962201,0.0611710065057571,0.0507161,-0.0651817491714345,0.0510994147568409,0.2021018,0.0271757318020627,0.0441713537271987,0.7308,-0.0504536638502575,0.0350899204992039,0.924760161
rs3764147,13,44457925,A,G,0.226640159045726,0.00076864055623921,0.0256213518746403,0.97626,-0.00964759633763087,0.0643173089175391,0.878,0.00418691608224873,0.0385000283468575,0.4567,0.0299624835695817,0.0459585348665699,0.257218,0.201165963099291,0.0383916232364521,1.61e-07,0.0145442091002709,0.0331864851722522,0.6694,-0.0228461892574317,0.0263634919032442,0.806915102
rs1465788,14,69263599,C,T,0.276341948310139,-0.082370455227364,0.0239867371075608,0.000595,0.0385369175027251,0.060213933598008,0.522,-0.00921557439529352,0.036043767835052,0.3991,0.00237447177741999,0.0430264296391096,0.477995,0.0695503942354583,0.0359422788544107,0.05298312,0.00421053068095547,0.0310692230154602,0.5539,-0.143874921791746,0.0246815293983899,2.78e-09
rs179247,14,81432546,A,G,0.497017892644135,0.000729420423784308,0.0214535418760091,0.97284,-0.0215419402842732,0.0538548507106831,0.688,0.0212190420432047,0.0322372517425347,0.2552,0.0622837070440894,0.0384824874637424,0.947222,-0.035013593305107,0.0321464808266582,0.2760704,0.0187865071593291,0.0277880594608734,0.2495,0.0154010892716628,0.0220749584296482,0.757308955
rs4900384,14,98498951,A,G,0.277335984095427,0.0305731811991504,0.0239601733535661,0.2019,0.0469148554492569,0.0601472505759704,0.438,0.0636506975577999,0.0360038517023359,0.03854,-0.0807555844640151,0.0429787806617985,0.0301247,0.00844103092408813,0.0359024751141514,0.8141234,0.0983566696994354,0.0310348158681567,0.0007642,0.128720863762697,0.0246541962070429,8.9e-08
rs17574546,15,38902476,A,C,0.18986083499006,0.0654495211662066,0.0273504058362752,0.016697,0.0185375938649001,0.0686577550551857,0.787,-0.0438856342792175,0.0410981982975258,0.8572,0.0100406138669937,0.0490600412652479,0.581081,0.117468853870316,0.0409824774808093,0.004152758,0.0311788214185934,0.0354260712776448,0.8106,0.111399402507775,0.0281426290986922,3.77e-05
rs3825932,15,79235446,C,T,0.339960238568588,0.0144245277180659,0.0226444705150171,0.52402,-0.00341066641412474,0.0568444402354124,0.953,0.0781469142136906,0.0340268054938446,0.01082,-0.0175717388033522,0.040618726630483,0.667348,-0.0507498777242865,0.0339309957044837,0.13473722,0.057007912625399,0.0293306297285559,0.02597,-0.137791583617022,0.0233003831334441,1.67e-09
rs11865121,16,11166688,C,A,0.333001988071571,0.0065094100855897,0.0227601751244395,0.77488,0.0365663319352272,0.0571348936487925,0.521,0.146904626036263,0.0342006694946366,8.72e-06,-0.0302786315320027,0.0408262728346169,0.229151,0.0300959471121316,0.0341043701537867,0.3775248,0.031584724299791,0.0294804980619579,0.142,-0.2092323511875,0.0234194392062306,2.05e-19
rs12708716,16,11179873,A,G,0.358846918489066,0.00467382116367374,0.0223627806874342,0.83462,-0.014034328484756,0.0561373139390239,0.805,0.124348849875129,0.0336035231315389,0.0001076,-0.0413962268995673,0.0401134429192303,0.151041,-0.0201715634092512,0.0335089051847087,0.54719,0.046818636969047,0.0289657662610857,0.05301,-0.18869890994965,0.0230105339668176,1.2e-16
rs4788084,16,28539848,C,T,0.353876739562624,0.0574720529861201,0.0224324953107416,0.010415,0.0715166446698215,0.0563123186376547,0.205,0.00918715452543373,0.033708280093102,0.6074,0.0536000974691153,0.0402384941640539,0.0914202,0.0981664607026409,0.0336133671805154,0.003495164,0.0668742766516297,0.0290560652946419,0.01068,-0.149200703489308,0.0230822679220006,5.1e-11
rs7197475,16,30642867,C,T,0.37375745526839,0.0641199764801305,0.0221714994744573,0.003829,0.1591794218051,0.0556571404912937,0.00429,-0.0313182686321169,0.033316093640782,0.1736,0.0280731298829414,0.0397703304894518,0.240131,-0.140142926986147,0.0332222850135034,2.46e-05,0.0118843180009635,0.0287180060660247,0.3395,-0.020084957594307,0.022813712162323,0.189324113
rs9888739,16,31313253,C,T,0.142147117296223,0.00850874709660926,0.0307174985437157,0.78148,0.104869833552904,0.0771101717300761,0.174,-0.122250764681384,0.0461577738155244,0.004042,0.360078395309503,0.0550997946846233,3.18e-11,-0.0310676234137264,0.0460278066757224,0.4996916,0.0160964244193799,0.039787354505626,0.3429,0.0253025761968553,0.0316072519556126,0.211701686
rs1728785,16,68591230,C,A,0.203777335984095,0.0282807284091481,0.0266296877675594,0.28808,0.0561527699568401,0.0668485356629049,0.399,0.0810726805825394,0.040015208367431,0.02138,0.0734586053295897,0.0477672466206832,0.0620433,-0.0238963604737647,0.0399025369417924,0.5492608,0.0471981604019668,0.0344925491271417,0.9144,-0.0386864184178648,0.0274010349368354,0.92100437
rs2872507,17,38040763,G,A,0.472166998011928,0.0874069853665678,0.021486476245469,4.74e-05,0.0140237567329626,0.0539375258960099,0.795,-0.105326725898336,0.0322867407064268,0.0005527,-0.0127372824472928,0.0385415637909611,0.629482,0.152635216409185,0.0321958304437284,2.13e-06,0.0200166521452192,0.0278307182545658,0.764,0.111136529192229,0.0221088467657065,2.49e-07
rs2290400,17,38066240,C,T,0.491053677932406,-0.0831443064217726,0.0214565952056187,0.000107,0.0193905055754981,0.0538625154874948,0.719,0.105152178397795,0.0322418398406608,0.0005544,0.00668865210042269,0.038487964401728,0.568983,0.118251809047487,0.0321510560060072,0.000235064,0.00604543032122778,0.0277920143371935,0.4139,-0.113523326771343,0.0220781002010441,1.36e-07
rs7221109,17,38770286,C,T,0.392644135188867,0.042217595390967,0.0219654502554459,0.054604,-0.0490745064619992,0.0551398949011227,0.372,0.000678474423573618,0.0330064729458396,0.4918,0.0364820399021908,0.0394007278134299,0.177243,0.019537359844774,0.032913536122221,0.552782,0.00291479899281349,0.0284511173637839,0.5408,-0.13646191848117,0.0226016945863708,7.82e-10
rs744166,17,40514201,A,G,0.414512922465209,-0.0158948505256273,0.0217737678433251,0.46552,0.0710563286195394,0.0546587143227226,0.193,-0.142822902891479,0.0327184405915614,6.35e-06,0.0281347316994924,0.0390568957290081,0.764346,-0.14774533013548,0.0326263147849863,5.94e-06,0.0609081759838509,0.0282028375088117,0.9846,-0.0583565489210391,0.0224044599617239,0.004597945
rs2542151,18,12779947,T,G,0.139165009940358,0.129294663097117,0.0309910505985419,3.02e-05,0.158705614323058,0.0777968697662048,0.0414,-0.0365925663669028,0.04656882792058,0.216,0.0588112470795012,0.055590481191372,0.145042,0.314918678531607,0.0464377033695356,1.19e-11,0.193841853840224,0.0401416773866256,6.86e-07,0.226648284115172,0.0318887276333134,5.91e-13
rs1893217,18,12809340,A,G,0.141153081510934,0.130100600445801,0.0308076250167656,2.41e-05,0.159313017616034,0.0773364163184631,0.0391,-0.0270503909991907,0.0462932027259191,0.2795,0.0579476776035512,0.0552614598720938,0.147179,0.301477367995382,0.0461628542568918,6.54e-11,0.193588972072643,0.0399040923294587,6.13e-07,0.233788188736997,0.0316999890037647,8.22e-14
rs763361,18,67531642,C,T,0.473161033797217,0.045868626017068,0.0214841339658398,0.032728,0.0997735452272385,0.0539316460687776,0.0651,-0.0546140646666183,0.0322832210704388,0.04535,0.000814485456680649,0.0385373623053982,0.491569,0.0656394659053333,0.0321923207180325,0.04145208,0.068871741842225,0.027827684377643,0.006663,0.113083795218096,0.0221064366403415,1.57e-07
rs425105,19,47208481,T,C,0.172962226640159,-0.0221216531347563,0.0283610937625081,0.43518,-0.0989608916963327,0.0711948861124696,0.163,0.0833460784779768,0.0426169126105011,0.02525,-0.0300038730256019,0.0508729720006854,0.722331,0.0283325873395561,0.0424969155269911,0.5049654,0.0416922673925158,0.0367351817430805,0.1282,-0.166186423712092,0.0291825922938552,6.18e-09
rs2281808,20,1610551,C,T,0.342942345924453,-0.0187780291738567,0.0225969063463979,0.4058,0.0141812599621305,0.056725039848522,0.801,-0.0286382176634037,0.0339553330028889,0.1995,0.040436408643734,0.0405334079668707,0.159235,-0.0142864470851704,0.0338597244596986,0.6730758,0.00758201338688094,0.029269021442454,0.3978,-0.119017764744488,0.0232514412360605,1.54e-07
rs6017342,20,43065028,C,A,0.480119284294235,-0.00875981665194143,0.0214701388527976,0.68348,0.105098202534974,0.0538965141204997,0.0516,0.0117718708674384,0.0322621912570442,0.6424,NA,0.038512258443047,NA,0.00947636071958489,0.0321713501186006,0.7683308,0.0133183787708527,0.0278095569730575,0.684,0.015776702288664,0.022092036149252,0.762428232
rs495337,20,48522330,G,A,0.397614314115308,0.00195066621351495,0.0219175979046624,0.92924,NA,0.0550197710902156,NA,-0.01967710169993,0.0329345674167855,0.7249,NA,0.0393148922204178,NA,-0.00289833544706377,0.0328418330586494,0.929677,NA,0.0283891358049066,NA,0.039746357194958,0.0225524561594289,0.039001212
rs2315008,20,62343956,G,T,0.288270377733598,-0.0241785078268549,0.0236812025728256,0.30716,0.0927372418533298,0.0594469499059806,0.119,0.00685688694159518,0.0355846551267997,0.5764,-0.0132845863065163,0.0424783742657524,0.37724,-0.15806566400425,0.0354844588767346,8.41e-06,0.00711379807770072,0.0306734742916531,0.5917,-0.00363207255361265,0.0243671448463153,0.440754667
rs1736135,21,16805220,T,C,0.420477137176938,-0.0213168882876183,0.0217297536061349,0.3264,0.00600030478660348,0.0545482253327589,0.913,-0.0403458244627974,0.0326523024194704,0.1083,0.053316135311636,0.0389779447874485,0.0856789,-0.13862454005423,0.0325603628391438,2.07e-05,0.0115476915970067,0.0281458273308544,0.3408,-0.0228915928532182,0.0223591708219678,0.847038017
rs2836878,21,40465534,G,A,0.257455268389662,0.000417059483814292,0.0245329108126054,0.98642,-0.123169988149029,0.0615849940745145,0.0461,0.109602101276243,0.0368644779689047,0.001474,NA,0.0440061337308105,NA,-0.0959524278973632,0.036760678102363,0.009049146,0.0144013928365953,0.031776663655307,0.6748,0.0114942191354693,0.0252435233993762,0.675565297
rs11203203,21,43836186,G,A,0.351888667992048,0.0946741496479331,0.0224612454680743,2.5e-05,0.07329983724764,0.0563844901904923,0.193,0.00516390287546037,0.0337514816336647,0.4392,0.0650965073718502,0.0402900650224011,0.05308,0.000666029450610375,0.0336564470778488,0.9842116,0.0898447792026653,0.029093304417491,0.001007,0.152970488718905,0.0231118508473577,1.81e-11
rs762421,21,45615561,A,G,0.384691848906561,0.0509516674571659,0.0220474545465885,0.02086,0.0370816527458749,0.0553457503669774,0.504,0.0626493352833615,0.0331296970266376,0.02931,0.0427794017297758,0.0395478237626259,0.13969,0.145360119142873,0.0330364132391164,1.08e-05,0.0290400139809173,0.028557334795455,0.1546,0.0161319352314237,0.0226860741880463,0.238512939
rs463426,22,21809185,C,T,0.28727634194831,0.0516307744189181,0.0237055897240211,0.0294,0.0845015999793208,0.0595081689995217,0.155,0.0342428517824293,0.0356213005784887,0.1682,0.014352344190171,0.0425221189418336,0.36786,0.0651014700590098,0.0355210011452726,0.06683828,0.102771011154578,0.0307050621577229,0.0004084,0.0132222286327413,0.0243922383880704,0.293886159
rs5753037,22,30581722,C,T,0.405566600397614,0.0326602708552469,0.021846335020232,0.134894,0.0625186029605054,0.054840879789917,0.253,0.0202164839228502,0.0328274839543643,0.731,0.0105190013573604,0.0391870637680079,0.394184,-0.0596619875766637,0.0327350511127482,0.06836828,0.0386714167527611,0.0282968313601977,0.08587,0.164920215152376,0.0224791290966778,1.1e-13
rs229541,22,37591318,G,A,0.424453280318091,0.0394982115517128,0.0217023140394026,0.068806,0.0484866159437341,0.0544793437570046,0.375,0.0216787394936629,0.0326110702431908,0.2531,0.0231885397113376,0.0389287248130086,0.724301,0.0224833421852747,0.0325192467609248,0.4893232,0.0647774427752732,0.0281102857724328,0.9894,0.118692223408589,0.0223309364493667,5.33e-08
