	African
rs10035074	0.0023
rs1005891	0.0008
rs10069230	0.0038
rs1007245	0.0076
rs10161065	0.0076
rs1016646	0.0045
rs10168160	0.0015
rs10174508	0.0015
rs1020063	0.0091
rs10219721	0.0076
rs10233697	0.0174
rs10235858	0.0174
rs10252175	0.0091
rs10262925	0.0174
rs10264657	0.0091
rs10270623	0.0083
rs10305516	0.0076
rs1042838	0.0061
rs1044220	0.0174
rs10444758	0.0083
rs1044670	0.0197
rs10446730	0.003
rs10456206	0.0023
rs1046297	0.0038
rs10466410	0.0053
rs1047562	0.0113
rs1047849	0.0106
rs1047963	0.0
rs1048026	0.0023
rs10484628	0.0038
rs10485220	0.003
rs10485492	0.003
rs10486756	0.0091
rs10489173	0.0008
rs10489183	0.0098
rs10491260	0.0076
rs10491261	0.0076
rs1049377	0.0023
rs10494218	0.0106
rs10494219	0.0408
rs10495202	0.0212
rs10497475	0.0023
rs10498653	0.0061
rs10498734	0.0045
rs10499176	0.0008
rs10502958	0.0
rs10503069	0.0061
rs10503427	0.0068
rs10503811	0.0015
rs10504390	0.0038
rs10506326	0.0129
rs10507372	0.0045
rs10508678	0.0038
rs10509166	0.003
rs10509298	0.0113
rs10511112	0.0303
rs1051415	0.003
rs10515244	0.0038
rs10515246	0.0053
rs10515250	0.0053
rs10515567	0.0076
rs10516526	0.0272
rs10517470	0.0045
rs10520344	0.0159
rs10520599	0.0098
rs1053243	0.0159
rs1053709	0.0008
rs1053780	0.0038
rs10540	0.0061
rs1055875	0.0038
rs1057275	0.003
rs1057276	0.003
rs1057624	0.003
rs1059140	0.0076
rs1059761	0.0
rs1059891	0.0045
rs1060547	0.0061
rs1061283	0.0
rs1061388	0.0045
rs1063571	0.0068
rs10755098	0.0083
rs10761324	0.0136
rs10771399	0.034
rs10773578	0.0008
rs10798918	0.0113
rs10813926	0.0076
rs10821303	0.0189
rs10829628	0.0061
rs10841795	0.0045
rs10842821	0.0038
rs10847692	0.0008
rs10863790	0.0023
rs10887135	0.0045
rs10895054	0.0061
rs10895347	0.0083
rs10895351	0.0083
rs10895352	0.0083
rs10901509	0.0061
rs10914611	0.0113
rs10915535	0.0098
rs10919074	0.0038
rs10919177	0.0015
rs10923726	0.0106
rs10923730	0.0106
rs10923733	0.0106
rs10923735	0.0106
rs10935443	0.0083
rs10939724	0.0023
rs10939725	0.0023
rs10971337	0.0076
rs10971344	0.0076
rs10971345	0.0076
rs10971346	0.0076
rs10971352	0.0083
rs10972084	0.0045
rs10980934	0.0023
rs10980940	0.0023
rs10988681	0.0045
rs10991863	0.003
rs10991868	0.003
rs10991871	0.003
rs10991892	0.003
rs10991901	0.003
rs10991903	0.0023
rs10991904	0.0023
rs10992387	0.003
rs10992929	0.0068
rs10998045	0.0136
rs10998046	0.0144
rs10998073	0.0068
rs10999057	0.0023
rs10999142	0.0023
rs11002014	0.0091
rs11014520	0.0015
rs11014594	0.0015
rs11014797	0.0015
rs11014800	0.0015
rs11014805	0.0015
rs11014831	0.0015
rs11015020	0.0151
rs11015366	0.0015
rs11015514	0.0015
rs11030043	0.0045
rs11038070	0.0053
rs11038211	0.0008
rs11038518	0.0008
rs11038606	0.0008
rs11038615	0.0008
rs11045622	0.0083
rs11045818	0.0136
rs11045918	0.0045
rs11045946	0.0045
rs1104749	0.003
rs11047837	0.0053
rs11049093	0.0061
rs11059923	0.0008
rs11059926	0.0008
rs11059928	0.0008
rs11059948	0.0015
rs11071251	0.0053
rs11087605	0.0076
rs11103521	0.0008
rs11107653	0.0
rs11109094	0.0008
rs11110891	0.0015
rs11110892	0.0015
rs11111132	0.0008
rs11111898	0.0038
rs11115929	0.0
rs11117623	0.0151
rs11119388	0.0023
rs111227976	0.0023
rs11124030	0.0076
rs11125	0.0008
rs111254790	0.0
rs111291705	0.0023
rs111297491	0.0015
rs111308921	0.0015
rs111330552	0.0053
rs11137047	0.0023
rs111393709	0.0038
rs111417202	0.0015
rs111442070	0.0023
rs111476301	0.003
rs11152015	0.003
rs111536941	0.0
rs111541455	0.0008
rs111547428	0.0015
rs111556114	0.0015
rs111556856	0.0015
rs11157835	0.0083
rs111584115	0.0
rs11159544	0.003
rs111595472	0.0008
rs111609558	0.0008
rs1116290	0.0061
rs111629245	0.0053
rs111648462	0.0008
rs111651662	0.003
rs111655187	0.0038
rs111697770	0.0023
rs11170101	0.0091
rs11170112	0.0053
rs111702151	0.0
rs11170391	0.0045
rs111712090	0.0061
rs11172787	0.0015
rs11172824	0.0068
rs11175593	0.003
rs11177775	0.0061
rs11177779	0.0061
rs11177789	0.0061
rs11177791	0.0061
rs11177795	0.0068
rs11177859	0.0038
rs111785386	0.0
rs111799818	0.0
rs111819619	0.0023
rs111822281	0.0023
rs111826517	0.0015
rs111827389	0.0023
rs11182793	0.0008
rs111831572	0.0008
rs11185549	0.0015
rs111864306	0.0061
rs111864832	0.0023
rs11187519	0.0008
rs111876050	0.003
rs111892974	0.0015
rs111917400	0.0061
rs111945519	0.0
rs111948941	0.0
rs111969436	0.003
rs111981370	0.003
rs11198927	0.0023
rs11199580	0.0008
rs111996953	0.0045
rs112017053	0.0053
rs112052123	0.003
rs112056401	0.0045
rs11206226	0.003
rs11209368	0.0038
rs11209604	0.0038
rs112109598	0.0015
rs112136998	0.0
rs112185134	0.0015
rs11218951	0.0008
rs11225380	0.0091
rs112277839	0.0015
rs112281656	0.0023
rs112287614	0.0008
rs112294410	0.0015
rs112299682	0.003
rs112300737	0.0
rs112301322	0.003
rs112350910	0.0045
rs112365184	0.0008
rs112373099	0.0015
rs112402272	0.0038
rs11244089	0.0091
rs112449623	0.0038
rs112457744	0.003
rs112465197	0.0015
rs112473581	0.0023
rs1124846	0.0023
rs112517477	0.0
rs112534894	0.0
rs112537767	0.0053
rs112548339	0.0023
rs112583005	0.0038
rs11258792	0.0
rs11258959	0.0113
rs11258960	0.0113
rs112621846	0.003
rs11265317	0.0083
rs112666080	0.0
rs112676647	0.0015
rs112677034	0.0038
rs112698424	0.0015
rs112712504	0.0015
rs112753847	0.0008
rs112760071	0.0
rs112818704	0.0045
rs112819462	0.003
rs112825084	0.0
rs1128347	0.0038
rs112837959	0.0015
rs112839246	0.0023
rs112854035	0.0038
rs112854368	0.0015
rs112854815	0.0023
rs112857184	0.0008
rs112870620	0.0023
rs112895117	0.0
rs112895819	0.0
rs112914148	0.0038
rs112933052	0.003
rs112952099	0.0008
rs112965685	0.0008
rs112975088	0.0
rs1130010	0.003
rs113006367	0.0015
rs113013747	0.0
rs113016688	0.0008
rs113019173	0.003
rs113086140	0.0008
rs113112586	0.003
rs113140731	0.0045
rs113161072	0.003
rs113162489	0.0015
rs113169064	0.0
rs113185831	0.0
rs113209557	0.0008
rs1132720	0.0159
rs113274142	0.0023
rs113276570	0.0023
rs113283944	0.003
rs113296149	0.0
rs113313316	0.0
rs1133218	0.0068
rs1133357	0.003
rs113337957	0.003
rs113341999	0.0023
rs113347841	0.0
rs113353823	0.0008
rs113382208	0.0
rs113382919	0.0
rs113385768	0.0023
rs113406802	0.0023
rs113411603	0.0
rs113420037	0.003
rs113424515	0.0
rs113432571	0.0
rs113447694	0.0
rs113463921	0.0015
rs113467277	0.0008
rs1134709	0.0061
rs1134710	0.0061
rs113473423	0.0038
rs113474017	0.0053
rs113474546	0.0068
rs1135169	0.003
rs113557405	0.0
rs113558975	0.003
rs113568656	0.003
rs113579222	0.0008
rs113581647	0.0
rs113583207	0.0008
rs113585381	0.003
rs113603744	0.003
rs113609140	0.0008
rs113645693	0.0045
rs113657028	0.0023
rs113671320	0.0038
rs1136804	0.0023
rs113700100	0.003
rs113721911	0.0
rs113723595	0.003
rs113808383	0.0008
rs113821894	0.0008
rs113822446	0.0
rs113843235	0.0053
rs113846674	0.0008
rs113853177	0.0023
rs113922318	0.0008
rs113927964	0.0
rs113963297	0.0008
rs113982141	0.0015
rs114020071	0.0015
rs114039398	0.0023
rs114048132	0.0045
rs114061453	0.0023
rs114068981	0.0015
rs114069517	0.0076
rs114175917	0.0008
rs114188443	0.0
rs114189013	0.0
rs114190479	0.0008
rs114209624	0.003
rs114224372	0.0015
rs114229477	0.0015
rs114280334	0.0008
rs114280472	0.0015
rs114336943	0.0023
rs114339113	0.0008
rs114351705	0.0053
rs114357739	0.0008
rs114376132	0.0008
rs114381022	0.0008
rs114396677	0.0008
rs114402789	0.0045
rs114441783	0.0008
rs114442447	0.0008
rs114453087	0.003
rs114464857	0.0015
rs114471971	0.0023
rs114478531	0.0
rs114481916	0.0
rs114487072	0.0023
rs114490887	0.0008
rs114501548	0.0015
rs114507729	0.003
rs114511403	0.0008
rs1145465	0.0061
rs114555929	0.0023
rs114564490	0.0076
rs114598155	0.0068
rs114624000	0.0
rs114631167	0.0015
rs114631287	0.0
rs114632992	0.0008
rs114648128	0.0023
rs114653758	0.0015
rs11466640	0.0106
rs11466645	0.0106
rs114745536	0.0023
rs114771776	0.0023
rs114802424	0.0023
rs114804080	0.0008
rs114807424	0.0008
rs114807783	0.0
rs114833606	0.0015
rs114854060	0.0
rs114854173	0.0008
rs114867280	0.0015
rs114911731	0.0
rs114933736	0.0015
rs114937041	0.0008
rs115018606	0.0
rs115033258	0.0015
rs115039721	0.0008
rs115051087	0.0008
rs115055421	0.0038
rs115073811	0.0008
rs115090130	0.0008
rs115099807	0.0
rs115127056	0.0023
rs115142312	0.0
rs115158386	0.0053
rs115223881	0.0038
rs115225188	0.003
rs115227287	0.0008
rs115251561	0.0008
rs115265657	0.0008
rs115281410	0.0
rs115293758	0.0015
rs115305598	0.0
rs115335742	0.0008
rs115340209	0.0015
rs115354754	0.0
rs115357599	0.0008
rs115358055	0.003
rs115363795	0.0
rs115370942	0.0061
rs11537857	0.0045
rs115383609	0.0008
rs11538371	0.0083
rs115385424	0.003
rs11540215	0.0076
rs11540483	0.0061
rs11540748	0.0015
rs115415660	0.0
rs11541827	0.0
rs11542244	0.0068
rs115427903	0.0008
rs11543366	0.0038
rs115441200	0.0038
rs11545137	0.0038
rs11545925	0.0045
rs11547035	0.0008
rs11547271	0.0015
rs11547608	0.0
rs11547779	0.0076
rs11547915	0.0015
rs11548392	0.0083
rs11550170	0.0098
rs11550916	0.0045
rs11551023	0.003
rs11551152	0.0038
rs115536720	0.0008
rs115542549	0.0015
rs11555737	0.0204
rs11555758	0.0008
rs11556745	0.0015
rs11556746	0.0015
rs11557072	0.0045
rs115570973	0.0015
rs11557637	0.0091
rs115586255	0.0008
rs11558666	0.0008
rs115607012	0.0
rs115625671	0.0
rs115666896	0.0008
rs115682652	0.0008
rs11568811	0.0
rs11569291	0.0053
rs11570030	0.0113
rs115703281	0.0023
rs115708955	0.0008
rs11571530	0.0015
rs11572250	0.0151
rs11572286	0.0053
rs115723803	0.0015
rs115724886	0.0023
rs11573288	0.0061
rs11575578	0.003
rs115787326	0.0
rs115791988	0.0
rs11579970	0.0038
rs115846264	0.0008
rs11584761	0.0008
rs115853822	0.0015
rs11586036	0.0023
rs115864301	0.0008
rs11586480	0.0023
rs11586828	0.0023
rs11587682	0.0008
rs11588238	0.0023
rs115884338	0.0045
rs11589002	0.0045
rs11589223	0.003
rs115895360	0.0008
rs115904230	0.0015
rs115906442	0.0
rs115925501	0.0015
rs11593500	0.0053
rs115935943	0.0
rs11593921	0.0038
rs115946881	0.0098
rs115974196	0.0008
rs11597693	0.0076
rs115981722	0.0008
rs11598865	0.0008
rs11599164	0.0053
rs115991652	0.0113
rs11601340	0.0008
rs11601383	0.0008
rs11602985	0.0091
rs11603015	0.0091
rs11603810	0.003
rs116052990	0.0015
rs116063230	0.0023
rs116067663	0.0
rs116088219	0.0038
rs116091383	0.0023
rs116100589	0.0015
rs11610539	0.003
rs116105659	0.0
rs116106374	0.0008
rs116108885	0.0
rs11611253	0.0008
rs116143920	0.0015
rs116158077	0.0
rs11617738	0.0113
rs116177726	0.0015
rs116198335	0.0023
rs11620283	0.0113
rs11620315	0.003
rs11621666	0.0008
rs116219878	0.0008
rs11623485	0.0015
rs116235400	0.0113
rs116238585	0.0015
rs116242422	0.0121
rs116245339	0.003
rs11624969	0.0015
rs11626135	0.0068
rs11627741	0.0182
rs116279662	0.0015
rs116281178	0.0
rs11630274	0.0098
rs11630759	0.0068
rs11630887	0.0144
rs11631660	0.0113
rs11633762	0.0136
rs11636138	0.0098
rs116365138	0.0015
rs11636821	0.0174
rs11637512	0.0166
rs11637538	0.0038
rs11637768	0.0098
rs116378205	0.0091
rs11638278	0.0113
rs11638454	0.0166
rs11638810	0.0023
rs116429684	0.0008
rs116439641	0.0045
rs116443165	0.0015
rs116445641	0.0
rs116447416	0.0015
rs11645376	0.0038
rs11645416	0.0083
rs116456749	0.0008
rs11647027	0.0053
rs11648433	0.0045
rs116492210	0.0015
rs116513736	0.0008
rs11655	0.0083
rs116567929	0.0008
rs116584561	0.0
rs116584836	0.0015
rs11660128	0.0091
rs11665166	0.0023
rs116660751	0.0008
rs116664812	0.0023
rs116668282	0.0008
rs11666850	0.0068
rs11667057	0.0068
rs116675491	0.0
rs116704777	0.003
rs116707829	0.0
rs11671893	0.0068
rs116720143	0.0008
rs11673135	0.0068
rs11675432	0.0023
rs116758101	0.0008
rs116780827	0.0008
rs11680940	0.003
rs116814045	0.0008
rs116814397	0.0008
rs116823915	0.0015
rs11683466	0.0015
rs116837651	0.0015
rs116850814	0.0008
rs116852739	0.0023
rs116856481	0.0
rs116859752	0.0
rs11686141	0.0045
rs116874541	0.0038
rs116883808	0.0038
rs116883890	0.0
rs116884085	0.0015
rs116885460	0.0038
rs116890031	0.0045
rs116893346	0.0015
rs116901922	0.0
rs116904433	0.0008
rs11690452	0.003
rs116906806	0.0045
rs11691042	0.003
rs116910697	0.0008
rs116912291	0.0015
rs116923230	0.0038
rs116926836	0.0
rs11693534	0.0045
rs11694510	0.0045
rs116951668	0.0008
rs116952741	0.0
rs116963634	0.0008
rs116969666	0.0
rs116971342	0.0008
rs116974687	0.0008
rs11697801	0.003
rs116980507	0.0091
rs116985775	0.0015
rs116992461	0.0023
rs116992631	0.0
rs116996366	0.0008
rs116998855	0.0008
rs117002283	0.0008
rs117008835	0.0023
rs117009061	0.003
rs11701216	0.0038
rs117012757	0.0015
rs117014001	0.0008
rs11701850	0.0098
rs117018781	0.003
rs117027123	0.0015
rs11702887	0.0038
rs117038395	0.0015
rs11703987	0.0053
rs117043106	0.0083
rs11704852	0.0038
rs11704901	0.0053
rs117049320	0.003
rs11705054	0.0038
rs11705064	0.0053
rs11705924	0.0053
rs11706195	0.0083
rs117062906	0.0008
rs117076528	0.0015
rs117079787	0.0023
rs117084290	0.0008
rs11708655	0.003
rs117090088	0.0045
rs117098225	0.0008
rs117101791	0.0015
rs117120176	0.0023
rs117121042	0.0068
rs117122266	0.0008
rs117124192	0.003
rs117126988	0.0
rs117128343	0.0038
rs117130990	0.0045
rs117132636	0.0038
rs117133443	0.0
rs117135373	0.003
rs11714396	0.0038
rs11714448	0.0015
rs117146473	0.0038
rs117156102	0.0
rs117189983	0.003
rs117192083	0.0008
rs117192570	0.0008
rs117192636	0.0008
rs117207312	0.0008
rs117207802	0.0
rs117213971	0.0038
rs117218207	0.0015
rs117225139	0.0
rs11722645	0.0061
rs11722836	0.0121
rs11722870	0.0038
rs117239024	0.0008
rs11724110	0.0008
rs117251197	0.0
rs117265118	0.0015
rs117273560	0.0015
rs117274412	0.0038
rs117278645	0.0008
rs11727978	0.0121
rs11728194	0.0121
rs11728387	0.0113
rs117286026	0.0015
rs117288711	0.0091
rs117293172	0.0023
rs11729403	0.0038
rs117295064	0.0008
rs117299352	0.0008
rs11730773	0.0159
rs11731427	0.0038
rs117317833	0.0008
rs117321233	0.0008
rs117322408	0.0008
rs117323662	0.003
rs117323943	0.0023
rs117334215	0.003
rs117339389	0.0061
rs117341358	0.0015
rs117346030	0.0
rs117356441	0.0189
rs117357552	0.0
rs117358009	0.0
rs117362930	0.0008
rs117366122	0.0015
rs117368726	0.0038
rs117380193	0.0015
rs11738281	0.0068
rs117383499	0.0
rs11738810	0.0053
rs11739020	0.0053
rs117391923	0.0045
rs117393010	0.0008
rs117399628	0.0091
rs117400829	0.0
rs117404686	0.0008
rs11740553	0.0045
rs117406781	0.0
rs117408417	0.0091
rs117417516	0.0008
rs117420072	0.0015
rs117420679	0.0008
rs117425923	0.003
rs117430663	0.003
rs117430777	0.0023
rs117431835	0.0008
rs117435018	0.0
rs117441145	0.0023
rs11745992	0.0076
rs117465420	0.0045
rs117471985	0.0008
rs117476358	0.0008
rs11747660	0.0076
rs117479422	0.0015
rs117480617	0.0015
rs117481329	0.0023
rs117491878	0.0061
rs117499206	0.0
rs11750400	0.0038
rs117504554	0.003
rs117505164	0.0008
rs117507662	0.0
rs117513246	0.0015
rs117513454	0.0
rs117524306	0.0008
rs11752660	0.0015
rs117526814	0.003
rs117529756	0.0
rs117532995	0.0
rs11754414	0.0083
rs117547358	0.0015
rs117548029	0.0
rs117550617	0.003
rs117556012	0.003
rs117562037	0.0
rs11756365	0.0083
rs117564299	0.0038
rs117569574	0.0015
rs117572262	0.0015
rs117572672	0.003
rs117584205	0.0045
rs117586464	0.003
rs117586858	0.0008
rs117586916	0.003
rs117587119	0.0008
rs117600934	0.0
rs11760118	0.0053
rs117605921	0.0
rs117611172	0.0015
rs117620972	0.0015
rs117631198	0.0008
rs117639051	0.0008
rs117639846	0.0023
rs11764101	0.0008
rs117648906	0.0068
rs117650582	0.0015
rs117652337	0.0045
rs117661695	0.0
rs117662920	0.0015
rs117667774	0.0015
rs117669481	0.0008
rs117669916	0.003
rs117679915	0.003
rs117679968	0.0008
rs117703930	0.0023
rs117705000	0.0038
rs117709924	0.0023
rs117717453	0.0008
rs117719859	0.0015
rs117730898	0.0015
rs117737983	0.0008
rs117746982	0.0068
rs11775427	0.003
rs117754352	0.0
rs117758272	0.0045
rs117766128	0.0015
rs117767867	0.003
rs117768093	0.0061
rs117772800	0.0045
rs117772922	0.0053
rs117773065	0.0038
rs117777619	0.0008
rs117777781	0.0
rs117778763	0.0
rs11778419	0.0091
rs117784974	0.0008
rs117786088	0.0008
rs117790084	0.0015
rs117793225	0.0015
rs117793385	0.0015
rs117794349	0.0053
rs117797074	0.0008
rs117797594	0.003
rs117798645	0.0008
rs117800464	0.0008
rs117803327	0.0
rs117806730	0.0008
rs117809560	0.0
rs11781294	0.0023
rs117823394	0.003
rs117825144	0.0015
rs117825933	0.0
rs117833782	0.0023
rs117833980	0.0
rs117838850	0.003
rs11784007	0.0091
rs117840670	0.0008
rs117842432	0.003
rs117847419	0.0
rs117848575	0.0008
rs117849418	0.0068
rs117851162	0.0008
rs117851581	0.0008
rs117866415	0.0015
rs117871618	0.0
rs117884470	0.0008
rs117884483	0.0015
rs117896034	0.0
rs117902148	0.0015
rs117904009	0.0
rs117906089	0.0015
rs117910440	0.0015
rs117917790	0.0008
rs117918593	0.0
rs117919263	0.0015
rs117935076	0.0
rs117937960	0.0023
rs11794295	0.0
rs117945208	0.0008
rs117946038	0.0
rs117952340	0.0023
rs117952516	0.0023
rs117953090	0.0053
rs117953569	0.0008
rs117954052	0.0061
rs117963317	0.0008
rs117965495	0.0008
rs117969352	0.0
rs117971487	0.0015
rs117978329	0.0008
rs117985744	0.0023
rs117991615	0.003
rs117997676	0.0068
rs118006664	0.0098
rs118010352	0.0008
rs118013909	0.0
rs118014289	0.003
rs11802142	0.003
rs118022919	0.003
rs118026088	0.0023
rs118029315	0.0015
rs118031930	0.0
rs118033570	0.0008
rs118033833	0.0015
rs118040417	0.0038
rs11805346	0.0
rs118059028	0.0008
rs118059852	0.0008
rs118067263	0.0023
rs118083029	0.0023
rs11808359	0.0038
rs118096029	0.0008
rs118099324	0.0015
rs118102142	0.0015
rs118102496	0.0
rs118105083	0.0023
rs118106868	0.0008
rs118107533	0.0015
rs118109180	0.0061
rs11811569	0.003
rs118133444	0.0008
rs11813634	0.0008
rs118150973	0.0023
rs11815154	0.0098
rs118151761	0.0076
rs118162339	0.0038
rs118164434	0.0
rs118166086	0.003
rs118166758	0.0
rs118167763	0.0015
rs118172967	0.0023
rs118173352	0.0
rs11817964	0.0113
rs118189756	0.0
rs11848	0.0045
rs11858659	0.0023
rs11871031	0.0068
rs11951006	0.0061
rs11951779	0.0061
rs11954977	0.0076
rs12021830	0.0106
rs12024063	0.0106
rs12025128	0.0106
rs12026409	0.0106
rs12027501	0.0106
rs12027524	0.0113
rs12028351	0.0038
rs12030972	0.0106
rs12031562	0.0106
rs12031597	0.0106
rs12032306	0.0113
rs12035815	0.0008
rs12036276	0.0023
rs12041949	0.0023
rs12045545	0.0
rs12047741	0.0061
rs12049507	0.0015
rs12049593	0.0023
rs12058100	0.0015
rs12081405	0.0015
rs1208639	0.0015
rs1208667	0.0015
rs1208677	0.0015
rs1208728	0.0015
rs1208729	0.0015
rs12122885	0.0008
rs12125245	0.0045
rs12127944	0.0076
rs12127969	0.0038
rs12135649	0.0038
rs12136405	0.0083
rs12142379	0.0045
rs12145484	0.0045
rs12146312	0.0136
rs12146610	0.0045
rs12148524	0.0061
rs12148829	0.0045
rs12151363	0.0098
rs12152294	0.0113
rs12155013	0.0038
rs12156420	0.003
rs12156437	0.0068
rs12187128	0.0076
rs12187913	0.0076
rs12188351	0.0015
rs12189640	0.003
rs12189736	0.0045
rs12190231	0.0106
rs12191213	0.0038
rs12191620	0.0038
rs12191873	0.0083
rs12192837	0.0045
rs12193658	0.0129
rs12200610	0.0045
rs12200641	0.0045
rs12201437	0.0076
rs12202407	0.0038
rs12203426	0.0038
rs12204145	0.0038
rs12205046	0.0045
rs12205667	0.0106
rs12206031	0.0015
rs12207199	0.0068
rs12214037	0.0038
rs12214476	0.0091
rs12214930	0.0038
rs12240658	0.0061
rs12255386	0.003
rs12298615	0.0008
rs12305517	0.0091
rs12321643	0.0008
rs12321679	0.0008
rs12322403	0.0083
rs12336214	0.0
rs12353064	0.0
rs12355108	0.0008
rs12357123	0.0015
rs12367476	0.0008
rs12368937	0.0008
rs1237	0.0015
rs12377889	0.0076
rs12380574	0.0076
rs12402563	0.0106
rs12403242	0.0091
rs12403492	0.0053
rs12404001	0.0023
rs12405154	0.0113
rs12406656	0.0038
rs12410034	0.0106
rs12411109	0.0045
rs12411716	0.0045
rs12413277	0.0
rs12415440	0.0061
rs12416336	0.0061
rs12418361	0.0008
rs12419766	0.0061
rs12420627	0.0015
rs12420843	0.0038
rs12421271	0.0015
rs12421448	0.0061
rs12422278	0.003
rs12422505	0.0038
rs12423300	0.0053
rs12423351	0.0091
rs12423906	0.0083
rs12425537	0.0038
rs12426129	0.0098
rs12426544	0.0129
rs12426596	0.0
rs12428468	0.0076
rs12439673	0.0038
rs12440577	0.0038
rs12441182	0.0038
rs12441309	0.0038
rs12451141	0.0023
rs12460433	0.0068
rs12468191	0.003
rs12470905	0.003
rs12480813	0.003
rs12481298	0.0045
rs12482002	0.0045
rs12483584	0.0015
rs12484576	0.003
rs12484781	0.0023
rs12487977	0.0068
rs12492135	0.0045
rs12496341	0.0091
rs12497297	0.0008
rs12499000	0.0113
rs12505606	0.0008
rs12515813	0.0045
rs12516336	0.0038
rs12520447	0.0061
rs12525080	0.0008
rs12530	0.0098
rs12531711	0.0023
rs12533930	0.0023
rs12534320	0.003
rs12535728	0.003
rs12540397	0.0
rs1254390	0.0008
rs1254396	0.0008
rs1254408	0.0008
rs12552917	0.0053
rs12563768	0.0023
rs12566105	0.0015
rs12569410	0.003
rs12570384	0.0038
rs12570630	0.0061
rs12571047	0.0008
rs12571093	0.0136
rs12571212	0.003
rs12571377	0.0045
rs12573300	0.0045
rs12573398	0.003
rs12579609	0.0
rs12591624	0.0068
rs12596583	0.0038
rs12597799	0.0008
rs12599551	0.0136
rs12601804	0.0008
rs12606417	0.0136
rs12607294	0.003
rs12614386	0.0038
rs12616399	0.0015
rs12618227	0.0008
rs12618296	0.003
rs12621472	0.003
rs12629069	0.0008
rs12632399	0.0015
rs12635028	0.0061
rs12639288	0.0893
rs12639456	0.0061
rs12642289	0.0045
rs12679292	0.0015
rs12680911	0.0023
rs12690	0.0076
rs12700027	0.0053
rs12702054	0.0174
rs12702055	0.0174
rs12702695	0.0053
rs12720208	0.0038
rs12720435	0.0045
rs12724763	0.0023
rs12725566	0.0015
rs12729778	0.0015
rs12733102	0.0038
rs12737091	0.0015
rs12740552	0.0
rs12741617	0.0023
rs12743389	0.0038
rs12747836	0.0015
rs12750012	0.0015
rs12753144	0.0023
rs12757613	0.0038
rs12758106	0.003
rs12764679	0.0023
rs12765885	0.0045
rs12768228	0.0053
rs12771516	0.0061
rs12772335	0.0038
rs12774146	0.0015
rs12774244	0.0106
rs12778411	0.0023
rs12786555	0.0061
rs12787406	0.0053
rs12788102	0.0151
rs12791723	0.0038
rs12798176	0.0053
rs12798771	0.0076
rs12799582	0.0023
rs12801000	0.0023
rs12801271	0.0061
rs12804022	0.0023
rs12814235	0.0023
rs12815906	0.0076
rs12816175	0.0091
rs12819160	0.0068
rs12820529	0.0045
rs12822447	0.0023
rs12825521	0.0038
rs12827484	0.0076
rs12829704	0.031
rs12889747	0.0076
rs12899701	0.0008
rs12900488	0.0068
rs12901134	0.0106
rs12902285	0.0045
rs12902541	0.0015
rs12902672	0.0121
rs12903134	0.0159
rs12905660	0.0136
rs12907503	0.0076
rs12907646	0.0129
rs12908050	0.0015
rs12911192	0.0038
rs12913070	0.0068
rs12913859	0.0166
rs12914031	0.0038
rs12921583	0.0023
rs12933721	0.0061
rs12935229	0.0053
rs12937082	0.0015
rs12944561	0.0015
rs12967244	0.0068
rs1296793	0.0053
rs12995756	0.0061
rs12997581	0.0045
rs13003472	0.0076
rs13006542	0.0015
rs13006819	0.0061
rs13010199	0.0045
rs13013933	0.0008
rs13028200	0.0061
rs13030211	0.0068
rs13031297	0.003
rs13039447	0.003
rs13040683	0.003
rs13043978	0.0061
rs13044051	0.0061
rs13052383	0.0045
rs13056456	0.0023
rs13060137	0.0076
rs13071789	0.0015
rs13074974	0.0023
rs13075648	0.0023
rs13078401	0.0023
rs13088791	0.0015
rs13092519	0.0008
rs13098911	0.0038
rs13108289	0.0023
rs13108960	0.0061
rs13109244	0.0098
rs13114651	0.0098
rs13114727	0.0015
rs13115314	0.0098
rs13117731	0.0061
rs13127572	0.0098
rs13129835	0.0023
rs13129964	0.0136
rs13131553	0.003
rs13132393	0.0023
rs13142309	0.0144
rs13144468	0.0083
rs13147846	0.0098
rs13155888	0.0008
rs13159160	0.0
rs13161668	0.0008
rs13163030	0.0
rs13171476	0.0008
rs13177547	0.0023
rs13181034	0.0
rs13181738	0.0
rs1318210	0.0
rs13183130	0.0015
rs13187882	0.0
rs13190139	0.0
rs13196614	0.0061
rs13201877	0.0182
rs13201929	0.0091
rs13204975	0.0129
rs13207666	0.0129
rs13211436	0.0053
rs13214012	0.0038
rs1322315	0.0015
rs13239597	0.0068
rs13242728	0.0
rs13242765	0.0
rs13251612	0.0061
rs13252623	0.003
rs13256443	0.0008
rs13257763	0.0121
rs1325930	0.0106
rs1325931	0.0408
rs1325932	0.0106
rs13267115	0.003
rs13267905	0.0121
rs13268068	0.0121
rs13283716	0.0008
rs13284303	0.0068
rs13300642	0.0
rs13301023	0.0023
rs1340868	0.0015
rs13437772	0.0174
rs1353140	0.0038
rs1378121	0.0023
rs137939092	0.0038
rs137948039	0.0
rs137965531	0.0
rs137970325	0.003
rs138023940	0.003
rs138187663	0.0023
rs138206416	0.0
rs138238044	0.0015
rs1382573	0.0023
rs138276884	0.0015
rs138333124	0.0008
rs138357971	0.0
rs138368438	0.0
rs138371974	0.0008
rs138387246	0.0
rs138467738	0.0038
rs138535351	0.0015
rs138562902	0.0
rs13865	0.0038
rs138724278	0.0008
rs138770328	0.0015
rs138780343	0.0023
rs138840	0.0045
rs1388597	0.003
rs138890	0.0045
rs138962852	0.0
rs138985793	0.0008
rs139049510	0.0
rs139094744	0.0008
rs139112396	0.0015
rs139257369	0.0008
rs139295630	0.0
rs139313347	0.0038
rs139328924	0.0068
rs139342182	0.0008
rs139359522	0.0015
rs139433181	0.0015
rs139445194	0.0008
rs139445706	0.0015
rs139468544	0.0008
rs139556022	0.0008
rs139608743	0.003
rs139672200	0.0015
rs139686533	0.0015
rs139791104	0.0008
rs139825350	0.003
rs139867090	0.0045
rs139877107	0.0
rs139946236	0.0
rs139995345	0.0008
rs140166106	0.0015
rs140216369	0.0008
rs140245773	0.0
rs140263623	0.0008
rs140266257	0.0008
rs140272543	0.0008
rs140335152	0.0008
rs140348951	0.0008
rs140450525	0.0015
rs140454328	0.0015
rs140655822	0.0015
rs140752981	0.0008
rs140786537	0.0015
rs140934251	0.0083
rs140936613	0.0
rs140961827	0.0
rs140969449	0.0008
rs140978736	0.0015
rs140987552	0.0015
rs141008794	0.0045
rs141084367	0.0023
rs141158879	0.0008
rs141190761	0.0015
rs141193588	0.0015
rs141229777	0.0
rs141234123	0.0008
rs141283289	0.0
rs141296554	0.0023
rs141386941	0.0023
rs141407604	0.0008
rs141423195	0.0015
rs141440466	0.0015
rs141491172	0.0106
rs141646889	0.003
rs141697489	0.0
rs141803374	0.0015
rs141837178	0.0038
rs141846957	0.0008
rs141968271	0.0015
rs141970156	0.0038
rs141990949	0.0023
rs142060044	0.0
rs142108560	0.0015
rs142118174	0.003
rs142129441	0.0008
rs142157100	0.0
rs142239762	0.0
rs1422985	0.0015
rs142315394	0.003
rs142325293	0.0038
rs142330429	0.0
rs142361088	0.0
rs142365775	0.0008
rs142369603	0.0
rs142376089	0.0015
rs142502440	0.003
rs142533936	0.0015
rs142538539	0.0
rs142542791	0.0
rs142578784	0.0015
rs142589592	0.0015
rs142594732	0.0008
rs142594898	0.0
rs142634538	0.0023
rs142679929	0.0008
rs142734201	0.0008
rs142753905	0.0008
rs14282	0.0008
rs142858957	0.0
rs142865632	0.0008
rs142924034	0.0008
rs143070608	0.0
rs143110371	0.0023
rs143111705	0.0015
rs143172673	0.0008
rs143200032	0.0
rs143206121	0.0
rs1432629	0.0061
rs1432630	0.0053
rs143310727	0.0151
rs143352990	0.0008
rs143361440	0.0008
rs143369934	0.0
rs143384481	0.0008
rs143394117	0.0023
rs143398362	0.003
rs143423345	0.0
rs143446815	0.0023
rs1434996	0.0068
rs143510740	0.0008
rs143653119	0.0023
rs143661635	0.0008
rs14369	0.0053
rs143768206	0.0
rs143829159	0.0015
rs143858238	0.0
rs143881919	0.0008
rs143941096	0.0008
rs144012429	0.0015
rs144037665	0.0008
rs144055831	0.0015
rs144138198	0.0023
rs144206992	0.0
rs144214259	0.0
rs144286908	0.0
rs144288355	0.0
rs144380375	0.0023
rs144388414	0.0113
rs144398737	0.0
rs144444620	0.0015
rs144529544	0.0045
rs144573011	0.0
rs144661266	0.0008
rs144737632	0.0015
rs144805643	0.0008
rs14484	0.0038
rs144859417	0.0015
rs144859809	0.0008
rs144865800	0.0
rs144879806	0.0
rs144892376	0.0045
rs144939359	0.0045
rs144950583	0.0023
rs144967835	0.0008
rs144968166	0.0
rs145101115	0.0008
rs145187658	0.0008
rs145227589	0.0008
rs145292515	0.0015
rs145303675	0.0015
rs145315240	0.0008
rs145329231	0.0
rs145353709	0.0
rs145405626	0.0008
rs145462262	0.0008
rs145618620	0.0
rs145632353	0.0015
rs145650064	0.0008
rs145669535	0.0
rs145706990	0.0008
rs1457234	0.0038
rs145723474	0.0
rs145760514	0.0008
rs145771258	0.0015
rs145815043	0.0023
rs145830974	0.0015
rs145831572	0.0008
rs145947135	0.0
rs145956839	0.003
rs145974210	0.0008
rs145982076	0.0
rs146131640	0.0008
rs146167031	0.0
rs146195222	0.003
rs1462	0.0008
rs146217395	0.0
rs146222556	0.0015
rs146222656	0.0008
rs146247770	0.0
rs146247868	0.0
rs146322854	0.0008
rs146330328	0.0
rs146401175	0.0
rs146463996	0.0
rs146520243	0.0015
rs146529448	0.0008
rs146591524	0.0015
rs146630363	0.003
rs146704481	0.0015
rs146720092	0.0
rs146725259	0.0
rs146737796	0.0
rs146766116	0.0015
rs146774589	0.0
rs146780514	0.0
rs146967247	0.0023
rs146985604	0.0
rs147051654	0.0015
rs147061636	0.003
rs147123747	0.0
rs147168080	0.0
rs147198275	0.003
rs147282209	0.0015
rs147298227	0.0015
rs147337492	0.0
rs147379499	0.0
rs147385105	0.0008
rs147415072	0.0
rs147462847	0.0008
rs147584917	0.003
rs1476542	0.003
rs147680880	0.0
rs147720375	0.0008
rs147763982	0.0
rs147899000	0.0008
rs147950681	0.0015
rs147955234	0.0015
rs148099713	0.0
rs148102541	0.0015
rs148152360	0.0015
rs148280054	0.0
rs14829	0.0008
rs148293565	0.0015
rs148293773	0.0015
rs148347064	0.0
rs148368522	0.0
rs148369634	0.0
rs148453436	0.0
rs148477073	0.003
rs148479589	0.0008
rs148523799	0.0015
rs148537312	0.0023
rs148582730	0.0
rs148617624	0.0045
rs148665058	0.0
rs148673379	0.0015
rs148685649	0.0
rs148733454	0.0
rs148762364	0.003
rs148811456	0.0
rs148860207	0.0008
rs148893561	0.0
rs149100171	0.0
rs149141143	0.0015
rs149198363	0.0008
rs149211430	0.0
rs149227266	0.0015
rs149234694	0.0015
rs149242097	0.003
rs149298506	0.0015
rs149318234	0.0015
rs149330601	0.0015
rs149378535	0.0038
rs149477672	0.0015
rs149532829	0.0023
rs149555724	0.0
rs149622421	0.003
rs149788846	0.0015
rs149811080	0.0008
rs149811612	0.0015
rs149866933	0.0008
rs149989496	0.0008
rs150012363	0.0
rs150076798	0.0015
rs150085314	0.0015
rs150118174	0.0015
rs150150087	0.0008
rs150155572	0.0008
rs150155921	0.0008
rs150157509	0.0015
rs150191284	0.0015
rs150201841	0.0015
rs150300406	0.0008
rs150318405	0.0
rs150325021	0.0061
rs150371903	0.0008
rs150408766	0.0008
rs150416761	0.003
rs150529156	0.0008
rs150547318	0.0
rs150585874	0.0
rs150592365	0.0008
rs150627978	0.0008
rs150650892	0.0
rs1506785	0.0038
rs150755655	0.0008
rs150934272	0.0015
rs150935661	0.0008
rs150952801	0.0008
rs150984637	0.0008
rs151055441	0.0
rs151163595	0.0
rs151184279	0.0008
rs151191108	0.0
rs151253743	0.0
rs151255599	0.0015
rs151289077	0.0
rs1536	0.0076
rs1538369	0.0076
rs1541091	0.0015
rs1542479	0.003
rs1550404	0.0136
rs1559085	0.0038
rs1564557	0.0015
rs1567551	0.0113
rs1570569	0.0129
rs158119	0.0045
rs16824625	0.0038
rs16833838	0.0038
rs16835591	0.0091
rs16835593	0.0091
rs16836573	0.0015
rs16839685	0.0008
rs16839886	0.0008
rs16841750	0.0
rs16844853	0.0015
rs16845830	0.0015
rs16846391	0.003
rs16851892	0.0083
rs16855819	0.0068
rs16858468	0.0023
rs16858886	0.0
rs16859849	0.0023
rs16860634	0.0015
rs16860770	0.0023
rs16866497	0.0023
rs16872762	0.0
rs16872791	0.0
rs16873502	0.0015
rs16886449	0.0023
rs16896514	0.0023
rs16896600	0.003
rs16902727	0.0053
rs16905974	0.0008
rs16908146	0.0023
rs16908167	0.003
rs16909016	0.0008
rs16914252	0.003
rs16920477	0.0023
rs16920487	0.003
rs16920497	0.0038
rs16924796	0.0038
rs16924797	0.0038
rs16925246	0.0098
rs16925296	0.0023
rs1693920	0.0045
rs16942781	0.003
rs16947127	0.0159
rs16957028	0.0
rs16957139	0.0
rs16989002	0.0068
rs16992929	0.003
rs16992934	0.0076
rs16995311	0.0038
rs17007472	0.0015
rs17011882	0.0015
rs17013049	0.0023
rs17015217	0.0015
rs17018123	0.003
rs17020316	0.0015
rs17024841	0.0015
rs17028092	0.0008
rs17034933	0.0068
rs17034946	0.0053
rs17036121	0.003
rs17036129	0.003
rs17036327	0.003
rs17059726	0.0008
rs17059735	0.0008
rs17059739	0.0008
rs17060532	0.0045
rs17060537	0.0045
rs17061677	0.0061
rs17080112	0.0015
rs17080490	0.0908
rs17083633	0.0008
rs17096074	0.0053
rs17098913	0.0023
rs17099327	0.0023
rs17101950	0.0
rs17103109	0.0038
rs17103578	0.0038
rs17104251	0.0121
rs17107315	0.0
rs17108577	0.0015
rs17113363	0.0
rs17113457	0.0
rs17117720	0.0
rs17118196	0.0098
rs17119571	0.0053
rs17121656	0.0023
rs17121745	0.0023
rs17127180	0.0015
rs17132371	0.003
rs17133585	0.0061
rs17133759	0.003
rs17146333	0.0008
rs17146580	0.0008
rs17146587	0.0008
rs17154929	0.003
rs17176926	0.0045
rs17176988	0.0038
rs17180771	0.0076
rs17182300	0.0098
rs17182307	0.0098
rs17182656	0.0091
rs17183151	0.0045
rs17183220	0.0045
rs17186933	0.003
rs17188434	0.0023
rs17188444	0.0045
rs17188930	0.0008
rs17190058	0.0015
rs17191448	0.0068
rs17203120	0.003
rs17207897	0.0053
rs17208502	0.003
rs17208801	0.003
rs17212373	0.0076
rs17220131	0.0083
rs17225328	0.0045
rs17226291	0.0076
rs17226809	0.003
rs17228841	0.0091
rs17233820	0.0045
rs17238740	0.0038
rs17243566	0.0008
rs17244979	0.003
rs17247945	0.003
rs17255623	0.0038
rs17264415	0.0045
rs17265866	0.0023
rs17268288	0.0008
rs17274973	0.0015
rs17279819	0.0076
rs17286989	0.003
rs17287002	0.003
rs17287009	0.003
rs17288108	0.0038
rs17294569	0.0023
rs17294646	0.0023
rs17297418	0.0136
rs17297652	0.0015
rs17300888	0.0136
rs17309286	0.0008
rs17313319	0.0015
rs17319480	0.0
rs17319543	0.0
rs17326292	0.0053
rs17330202	0.0053
rs17337621	0.0015
rs17345577	0.0061
rs17345605	0.0061
rs17354985	0.0008
rs17355138	0.0008
rs17357002	0.0015
rs17360116	0.0045
rs17363183	0.003
rs17366568	0.0098
rs17369879	0.0083
rs17371159	0.0045
rs17382590	0.0
rs17382687	0.0
rs17382715	0.0
rs17394390	0.0045
rs17395595	0.0038
rs17395656	0.0015
rs17395851	0.0015
rs17396004	0.0015
rs17396066	0.0015
rs17396360	0.0053
rs17396792	0.0045
rs17397707	0.0015
rs17398501	0.0174
rs17403632	0.0045
rs17408061	0.0023
rs17409040	0.0015
rs17412738	0.0053
rs17414846	0.0091
rs17419037	0.0076
rs1742231	0.0015
rs17424938	0.0045
rs17425463	0.003
rs17427691	0.0076
rs17428626	0.0045
rs174301	0.00449999
rs17439918	0.0174
rs17439981	0.0174
rs17443575	0.0015
rs17444059	0.0151
rs17444261	0.0015
rs17445347	0.003
rs17453533	0.0076
rs17456936	0.0008
rs17457340	0.0015
rs17458101	0.0008
rs17458764	0.0023
rs17459753	0.0008
rs1746662	0.0121
rs17469026	0.0076
rs17469894	0.0038
rs17471610	0.0113
rs17472276	0.0015
rs17479678	0.0023
rs17481030	0.0023
rs17481104	0.0023
rs17481185	0.0023
rs17484310	0.0023
rs17486775	0.0015
rs17487041	0.0068
rs17487132	0.0015
rs17487385	0.0008
rs17491175	0.0045
rs17493851	0.0076
rs17497526	0.0038
rs17499824	0.0061
rs17504917	0.0023
rs17506124	0.0045
rs17510763	0.0008
rs17510789	0.0076
rs17510813	0.0038
rs17512204	0.0008
rs17518147	0.0023
rs17523026	0.0045
rs17527711	0.0008
rs17529863	0.0174
rs17532346	0.0136
rs17541051	0.0166
rs17541097	0.003
rs17543833	0.0061
rs17545245	0.0068
rs17545301	0.0068
rs17551673	0.003
rs17555024	0.0038
rs17560579	0.0015
rs17560858	0.0053
rs17569049	0.0015
rs17569222	0.0008
rs17576982	0.0008
rs17581511	0.0008
rs17585655	0.0015
rs17591776	0.0015
rs17591958	0.0015
rs17594257	0.0045
rs17597246	0.0023
rs17598603	0.0136
rs17601029	0.0159
rs17604177	0.0113
rs17606242	0.0038
rs17607791	0.0045
rs17608529	0.0015
rs17608655	0.0015
rs17608690	0.0015
rs17610904	0.003
rs17611415	0.0008
rs17612333	0.0091
rs17620312	0.0023
rs17620523	0.0068
rs17625452	0.0091
rs17626707	0.003
rs17627561	0.0091
rs17627677	0.0015
rs17627936	0.0076
rs17628266	0.0061
rs17629754	0.003
rs17630012	0.003
rs17630023	0.0159
rs17630605	0.0038
rs17634871	0.003
rs17635736	0.0008
rs17640574	0.0061
rs17640705	0.0061
rs17642099	0.0083
rs17645999	0.0061
rs17659054	0.0015
rs17660834	0.0008
rs17671194	0.0038
rs17672041	0.0045
rs17672741	0.0091
rs17673930	0.0008
rs17676451	0.0083
rs17676917	0.0015
rs17676960	0.0015
rs17677343	0.0106
rs17678817	0.0008
rs17679086	0.0008
rs17682996	0.0106
rs17684048	0.0023
rs17685102	0.0023
rs17687490	0.0076
rs17690300	0.0023
rs17697871	0.0015
rs17697987	0.0015
rs17703748	0.0083
rs17703766	0.0023
rs17704528	0.0045
rs17704934	0.0015
rs17706724	0.0061
rs17707634	0.0023
rs17710146	0.0
rs17712631	0.0061
rs17714668	0.0083
rs17714869	0.0083
rs17714875	0.0061
rs17716202	0.0
rs17718839	0.0061
rs17720153	0.0061
rs17722119	0.003
rs17722293	0.0045
rs17722435	0.0023
rs17725870	0.0038
rs17728424	0.003
rs17732296	0.0008
rs17733203	0.0083
rs17741746	0.0015
rs17750946	0.0008
rs17751370	0.0038
rs17752428	0.0038
rs17752440	0.0015
rs17752636	0.003
rs17756732	0.0053
rs17759841	0.0008
rs17760587	0.0023
rs17761052	0.0061
rs17761564	0.0068
rs17761606	0.0068
rs17765170	0.0015
rs17766531	0.0106
rs17767600	0.0083
rs17768411	0.0038
rs17768423	0.003
rs17768440	0.0008
rs17768529	0.0008
rs17768641	0.0038
rs17769580	0.0038
rs17769748	0.0061
rs17769754	0.0061
rs17772869	0.0038
rs17777967	0.0008
rs17777982	0.0
rs17781289	0.0
rs17781895	0.0098
rs17781998	0.0098
rs17786052	0.003
rs17787978	0.0038
rs1779061	0.0015
rs17796230	0.0076
rs17804735	0.0008
rs17805784	0.0098
rs17807274	0.0008
rs17811011	0.0015
rs17816450	0.0008
rs17821107	0.0091
rs17822214	0.0091
rs17824298	0.0038
rs17829441	0.0045
rs17832449	0.0023
rs17839374	0.0
rs17856582	0.003
rs17876201	0.0008
rs17876202	0.0008
rs17876207	0.0008
rs17879298	0.0038
rs17880518	0.0015
rs17881148	0.0038
rs17881207	0.0015
rs17882360	0.0053
rs1801238	0.0023
rs1801795	0.0045
rs1803822	0.003
rs1805088	0.003
rs180755508	0.0008
rs1808074	0.0008
rs180936287	0.003
rs181787189	0.0008
rs181992094	0.0
rs182281189	0.0023
rs1832195	0.0015
rs183309964	0.0015
rs1834481	0.0083
rs183537440	0.0015
rs183770585	0.0
rs184013114	0.0
rs184039734	0.003
rs184290455	0.0
rs184622615	0.0008
rs185708868	0.003
rs1864953	0.0083
rs186638497	0.0
rs186750470	0.0
rs1867774	0.0015
rs186827064	0.0
rs1869217	0.003
rs186999073	0.0045
rs1871557	0.0045
rs187316	0.0129
rs187324570	0.0015
rs187549693	0.003
rs187624721	0.0008
rs188034505	0.0008
rs188091593	0.0015
rs188169364	0.0015
rs1882019	0.0053
rs1883085	0.003
rs188351587	0.0008
rs1884457	0.0023
rs1889428	0.0023
rs1889430	0.0023
rs189114319	0.0015
rs189227629	0.0008
rs189303762	0.0
rs189325565	0.0008
rs1893596	0.003
rs189421606	0.0008
rs189811868	0.0
rs189823223	0.0
rs189976119	0.0045
rs190011626	0.0008
rs190033122	0.0008
rs190313604	0.0
rs190636987	0.0008
rs1911112	0.0076
rs191416741	0.0008
rs191612707	0.0008
rs192341937	0.0
rs192853410	0.0008
rs1935128	0.0053
rs1953550	0.0053
rs1962278	0.0076
rs196582	0.0091
rs1971247	0.0068
rs1972709	0.0038
rs1994491	0.0061
rs1994492	0.0053
rs1994493	0.0053
rs1995082	0.0061
rs1999628	0.0023
rs2016517	0.0098
rs2043624	0.0038
rs2050807	0.0008
rs2054346	0.0023
rs2054347	0.0023
rs2054348	0.0023
rs2057108	0.0015
rs2062546	0.0045
rs2066819	0.0015
rs2068372	0.0038
rs2068876	0.0068
rs2069470	0.0023
rs2069473	0.0023
rs2071240	0.0045
rs2071245	0.0023
rs2071272	0.0038
rs2071273	0.003
rs2072015	0.0015
rs2072592	0.0
rs2072876	0.0008
rs2073415	0.003
rs2073982	0.0008
rs2076222	0.0023
rs2076493	0.0023
rs2110838	0.0083
rs2118852	0.0015
rs2119537	0.0015
rs2135551	0.0121
rs2146078	0.0053
rs2146935	0.0083
rs2156460	0.0023
rs2170988	0.0008
rs2171847	0.0053
rs2185570	0.0083
rs2209923	0.0038
rs2209924	0.0038
rs2227583	0.0
rs2228464	0.0061
rs2228479	0.0038
rs2229466	0.0045
rs2230351	0.0061
rs2230381	0.0113
rs2230782	0.003
rs2231267	0.0
rs2233725	0.0008
rs2233733	0.0008
rs2233823	0.0023
rs2234694	0.0008
rs2234724	0.0015
rs2235371	0.0015
rs2235542	0.0023
rs2240745	0.0045
rs2240903	0.0038
rs2243804	0.0015
rs2270493	0.003
rs2272866	0.0015
rs2273787	0.003
rs2274031	0.0008
rs2274702	0.0038
rs2274760	0.0038
rs2274897	0.0015
rs2274898	0.0015
rs2275306	0.0023
rs2275463	0.0008
rs2276899	0.0
rs2277170	0.0015
rs2277202	0.003
rs2277331	0.0038
rs2279938	0.0023
rs2279939	0.0023
rs2281117	0.0008
rs2282122	0.0
rs2282294	0.0113
rs2282493	0.0038
rs2282737	0.0015
rs2286291	0.003
rs2286389	0.0
rs2286928	0.0045
rs2287397	0.0015
rs2288187	0.003
rs2288570	0.0008
rs2288636	0.0068
rs2288693	0.0038
rs2289052	0.0038
rs2289189	0.0076
rs2289491	0.0008
rs2289837	0.0015
rs2289983	0.003
rs2290628	0.0091
rs2291048	0.0098
rs2291140	0.0136
rs2291308	0.0023
rs2292016	0.0008
rs2292669	0.0091
rs2293059	0.0053
rs2293626	0.0053
rs2293648	0.0015
rs2293776	0.0136
rs2294382	0.0
rs2294782	0.0061
rs2294783	0.0061
rs2294788	0.0076
rs2294807	0.0045
rs2296034	0.0045
rs2296136	0.0008
rs2296790	0.0
rs2296792	0.0
rs2297385	0.0061
rs2297530	0.0023
rs2297541	0.0008
rs2297544	0.0008
rs2298080	0.0106
rs2298146	0.0045
rs2300659	0.0038
rs2303069	0.0015
rs2303831	0.0008
rs2303979	0.0068
rs2304064	0.0023
rs2304375	0.0045
rs2304418	0.0166
rs2304906	0.0008
rs2305170	0.003
rs2305461	0.0023
rs2305610	0.0008
rs2305727	0.0091
rs2305728	0.0091
rs2305733	0.0098
rs2305735	0.0098
rs2305930	0.0023
rs2306225	0.0098
rs2306719	0.0008
rs2307073	0.0136
rs2308327	0.0061
rs2349517	0.0
rs2376780	0.0068
rs238290	0.0023
rs238291	0.0023
rs238298	0.0023
rs2394616	0.0023
rs2395764	0.0053
rs2397091	0.0008
rs2397985	0.003
rs2414499	0.0008
rs2420644	0.0023
rs2429022	0.0121
rs2429465	0.0287
rs2429466	0.0121
rs243266	0.0038
rs2446422	0.0068
rs2452425	0.0098
rs2465586	0.0121
rs2472205	0.0023
rs2540497	0.0106
rs2562829	0.0023
rs25642	0.003
rs2576760	0.0068
rs2576773	0.0068
rs2585056	0.0091
rs2675694	0.003
rs2675696	0.003
rs2679866	0.0076
rs2697527	0.0008
rs2726084	0.0091
rs274180	0.0113
rs2742339	0.0015
rs2742356	0.0008
rs2742357	0.0023
rs2764452	0.0045
rs2787120	0.0113
rs2810	0.003
rs2812590	0.0121
rs2821037	0.0053
rs28359523	0.0038
rs28362616	0.0
rs28362633	0.0
rs28362653	0.0061
rs28363357	0.0
rs28364721	0.0121
rs28365853	0.0023
rs28365902	0.0106
rs28365934	0.0
rs28369878	0.0015
rs28369910	0.0015
rs28371548	0.003
rs28374740	0.0008
rs28381377	0.0
rs28381429	0.0
rs28383083	0.0
rs28383086	0.0
rs28387091	0.0023
rs28394343	0.0091
rs28455779	0.0038
rs28496755	0.003
rs28498126	0.0008
rs28514987	0.0061
rs28563773	0.0068
rs28578742	0.0038
rs28584627	0.0045
rs28607392	0.0038
rs28640241	0.0098
rs28653060	0.0023
rs28658141	0.0061
rs28690172	0.0091
rs28693733	0.0038
rs2871052	0.0061
rs28788555	0.0106
rs28823921	0.0091
rs2887501	0.003
rs28890299	0.0098
rs28919894	0.0
rs28919903	0.0
rs28926218	0.003
rs2892796	0.0038
rs28932171	0.0053
rs28997576	0.0008
rs2986671	0.0129
rs2987577	0.0144
rs3005169	0.0144
rs3024487	0.0053
rs3025343	0.0076
rs3026898	0.0076
rs3026910	0.0023
rs3027092	0.0008
rs306198	0.0136
rs3088226	0.0023
rs3101873	0.0053
rs3107606	0.0
rs310830	0.0045
rs310831	0.0045
rs3135806	0.0015
rs3135818	0.0015
rs3135830	0.0023
rs3136344	0.0045
rs3169574	0.0038
rs3211650	0.003
rs3211661	0.003
rs3211683	0.003
rs3213809	0.0144
rs33919837	0.0045
rs33944528	0.0015
rs33945236	0.0068
rs33966911	0.0098
rs33984772	0.0008
rs34011284	0.0008
rs34011445	0.0045
rs34044510	0.0015
rs34076068	0.0076
rs34076803	0.0091
rs34076831	0.0008
rs34081829	0.0023
rs34088251	0.0129
rs34104559	0.0038
rs34127884	0.0098
rs34135799	0.0015
rs34139393	0.0061
rs34169934	0.0038
rs34179780	0.0076
rs34181055	0.0015
rs34191521	0.003
rs34215541	0.0061
rs34235551	0.0045
rs34235717	0.0174
rs34242177	0.0008
rs34243861	0.0015
rs34247032	0.003
rs34252973	0.0045
rs34264364	0.0091
rs34265215	0.003
rs34296476	0.0008
rs34296997	0.0015
rs34321167	0.0015
rs34333169	0.0008
rs34347370	0.0015
rs34349961	0.0083
rs34353615	0.0
rs34363530	0.0008
rs34363776	0.0015
rs34374660	0.0015
rs34445960	0.0023
rs34447944	0.0023
rs34456143	0.0083
rs34466424	0.0098
rs34470509	0.0015
rs34472165	0.0113
rs34484871	0.003
rs34485877	0.0015
rs34486588	0.0008
rs34497145	0.0008
rs34505638	0.0023
rs34511626	0.0038
rs34520740	0.003
rs34526199	0.0
rs34529192	0.0076
rs34541731	0.0023
rs34550969	0.0076
rs34551341	0.0015
rs34559977	0.0023
rs34571854	0.0091
rs34577568	0.0015
rs34580444	0.0061
rs34616325	0.0008
rs34644396	0.0
rs34652065	0.0015
rs34653644	0.0
rs34662182	0.003
rs34663715	0.0015
rs34665912	0.003
rs34666847	0.0045
rs34679497	0.0098
rs34685435	0.003
rs34689382	0.0045
rs34704344	0.0015
rs34717557	0.0
rs34739767	0.003
rs34771611	0.0023
rs34782858	0.0023
rs34791383	0.0015
rs34803952	0.0023
rs34814669	0.0008
rs34816825	0.0008
rs34820355	0.003
rs34823642	0.0015
rs34827868	0.0053
rs34831139	0.0068
rs34840777	0.0076
rs34847665	0.0038
rs34866486	0.0008
rs34869483	0.0015
rs34870251	0.0045
rs34883883	0.0076
rs34897046	0.0038
rs34904359	0.0053
rs34909898	0.0008
rs34926437	0.0045
rs34930209	0.0083
rs34935085	0.0045
rs34939258	0.0038
rs34948282	0.0008
rs34967259	0.0045
rs34988367	0.0098
rs34996998	0.0053
rs35010434	0.0053
rs35069088	0.0106
rs35070529	0.0106
rs35070799	0.0008
rs35080774	0.0023
rs35082276	0.0008
rs35104165	0.0038
rs35107281	0.003
rs35125296	0.0045
rs35131475	0.0008
rs35147318	0.0
rs35154145	0.0015
rs35169093	0.0008
rs35182782	0.003
rs35200693	0.0
rs35201656	0.0015
rs35205612	0.0
rs35205884	0.0045
rs35211496	0.0038
rs35228139	0.0076
rs35228315	0.0
rs35242294	0.0076
rs35250981	0.0023
rs35271455	0.0
rs35290216	0.0045
rs35296483	0.0061
rs35302957	0.0015
rs35328490	0.0023
rs35334341	0.0008
rs35338018	0.0045
rs35359362	0.0008
rs35370743	0.003
rs35371359	0.0015
rs35383686	0.0076
rs35386391	0.0113
rs35387212	0.003
rs35388927	0.0023
rs35389167	0.0061
rs35389602	0.0008
rs35390084	0.0008
rs35396794	0.0098
rs35403109	0.0098
rs35405772	0.0008
rs35420514	0.0015
rs35421005	0.0
rs35424128	0.0076
rs35427651	0.0008
rs35432490	0.0076
rs35455367	0.0023
rs35466279	0.0015
rs35469671	0.0
rs35470726	0.0008
rs35479351	0.0023
rs35481776	0.0045
rs35486101	0.0038
rs35497286	0.0068
rs35498422	0.0068
rs35513108	0.0008
rs35541583	0.0038
rs35543041	0.003
rs35555422	0.0008
rs35578880	0.0015
rs35601391	0.0
rs35606117	0.0023
rs35609966	0.0174
rs35620970	0.0098
rs35622571	0.0015
rs35625218	0.0038
rs35630683	0.0151
rs35630991	0.0015
rs35640669	0.0015
rs35654903	0.0
rs35669278	0.0008
rs35676668	0.0015
rs35678179	0.0008
rs35680839	0.0
rs35689893	0.0
rs35698850	0.0129
rs35725571	0.0023
rs35757493	0.003
rs35759696	0.0045
rs35760408	0.0
rs35763794	0.0
rs35774315	0.0083
rs35777125	0.0068
rs35786191	0.0038
rs35802121	0.0008
rs35803624	0.0008
rs35812446	0.0
rs35820251	0.0008
rs35827085	0.0
rs35830846	0.0061
rs35841386	0.0038
rs35842642	0.0061
rs35847516	0.0045
rs35863359	0.0015
rs35866166	0.003
rs35867121	0.0098
rs35869834	0.0023
rs35874808	0.0061
rs35886354	0.0008
rs35898083	0.0061
rs35915743	0.0008
rs35918463	0.0038
rs35926928	0.0008
rs35933910	0.0008
rs35938494	0.0061
rs35945092	0.0038
rs35969781	0.0015
rs35972756	0.0
rs35974484	0.0174
rs35976890	0.0023
rs35978932	0.0038
rs35999331	0.0015
rs36000366	0.0015
rs36011276	0.003
rs36024488	0.0
rs36036751	0.0
rs36045599	0.003
rs36046073	0.0045
rs36051242	0.0023
rs36065146	0.0008
rs36067088	0.0053
rs36072792	0.0008
rs36073530	0.003
rs36085476	0.0015
rs36098188	0.0076
rs36114385	0.0038
rs36153507	0.0023
rs362445	0.0045
rs3730073	0.0
rs3731675	0.0008
rs3731745	0.0008
rs3731756	0.0015
rs3733571	0.0023
rs3734062	0.003
rs3735271	0.0053
rs3736675	0.0
rs3737780	0.0
rs3738007	0.003
rs3738008	0.003
rs3739702	0.0023
rs3739855	0.0
rs3739862	0.0
rs3739892	0.0038
rs3740016	0.0061
rs3740030	0.0045
rs3740753	0.0061
rs3741784	0.0015
rs3742739	0.0015
rs3742805	0.0076
rs3743162	0.0121
rs3744099	0.0008
rs3745030	0.0
rs3746520	0.003
rs3747520	0.003
rs3750002	0.003
rs3750656	0.0008
rs3751233	0.0083
rs3751235	0.0106
rs3751776	0.0166
rs3754175	0.0015
rs3758616	0.0015
rs3761652	0.003
rs3762475	0.0015
rs3763614	0.003
rs3763768	0.0038
rs3765107	0.0008
rs3765984	0.0023
rs376682442	0.0
rs3767376	0.0
rs3769772	0.0015
rs3772589	0.0008
rs3773701	0.0023
rs3773778	0.0038
rs3775307	0.0023
rs3777089	0.0008
rs3778321	0.0091
rs3780805	0.0061
rs3780860	0.0045
rs3781432	0.0038
rs3782188	0.0053
rs3782560	0.003
rs3787323	0.0
rs3792411	0.0083
rs3793021	0.0008
rs3795402	0.0015
rs3797152	0.0008
rs3800819	0.0015
rs3802581	0.003
rs3802829	0.0038
rs3803358	0.0038
rs3803405	0.0159
rs3804159	0.0015
rs3804772	0.0068
rs3805396	0.003
rs3805785	0.0008
rs3806432	0.0053
rs3806434	0.0053
rs3806503	0.0045
rs3807427	0.003
rs3808870	0.003
rs3810087	0.003
rs3812155	0.0045
rs3812800	0.0038
rs3813245	0.0008
rs3813246	0.0008
rs3813247	0.0008
rs3813386	0.0023
rs3813603	0.0
rs3813702	0.0015
rs3814184	0.0129
rs3814562	0.0045
rs3814691	0.0
rs3815024	0.0008
rs381580	0.0106
rs3815990	0.003
rs3816105	0.0166
rs3816652	0.0023
rs3817357	0.0008
rs3820041	0.0023
rs3820268	0.0045
rs3822231	0.0023
rs3822658	0.0
rs3822947	0.0061
rs3824629	0.0068
rs3825264	0.003
rs3828041	0.0061
rs3828134	0.0113
rs384204	0.0106
rs3846192	0.0023
rs3848160	0.0098
rs3889470	0.0061
rs3890788	0.0015
rs3898405	0.0061
rs3917839	0.0038
rs3917862	0.0
rs3924112	0.0113
rs3924113	0.0113
rs3924307	0.0015
rs3932954	0.0023
rs3951792	0.0106
rs395361	0.0038
rs403602	0.0106
rs4072420	0.0076
rs4074066	0.0083
rs411965	0.0113
rs41263696	0.0015
rs41264025	0.0023
rs41265749	0.0091
rs41266921	0.0
rs41267305	0.0023
rs41267319	0.0023
rs41267321	0.0023
rs41267347	0.0045
rs41267738	0.0008
rs41267909	0.0038
rs41269187	0.0038
rs41269245	0.0189
rs41269905	0.0045
rs41270730	0.0091
rs41271083	0.0015
rs41271318	0.0008
rs41271997	0.003
rs41274084	0.0023
rs41274302	0.003
rs41274458	0.0
rs41274865	0.003
rs41275074	0.0008
rs41275482	0.0053
rs41275504	0.0053
rs41275508	0.0053
rs41275650	0.0008
rs41275652	0.0008
rs41276764	0.0
rs41276835	0.0015
rs41277160	0.0015
rs4127786	0.0083
rs41278114	0.0023
rs41278134	0.0015
rs41278142	0.0015
rs41279100	0.0045
rs41279162	0.0
rs41279250	0.0008
rs41279270	0.0008
rs41279283	0.003
rs41282130	0.0023
rs41282155	0.003
rs41283140	0.0
rs41283469	0.0008
rs41283602	0.0023
rs41284165	0.003
rs41286945	0.0038
rs41287030	0.0008
rs41287950	0.0023
rs41289363	0.0
rs41291263	0.0061
rs41291277	0.003
rs41291350	0.0098
rs41291666	0.0008
rs41291682	0.0015
rs41292986	0.0008
rs41295155	0.0008
rs41297628	0.0015
rs41298107	0.0015
rs41299199	0.0008
rs41299864	0.0008
rs41300979	0.0008
rs41301293	0.0
rs41301477	0.0053
rs41301527	0.0015
rs41301839	0.0008
rs41302243	0.003
rs41303061	0.0023
rs41303893	0.0
rs41304240	0.0
rs41304906	0.0008
rs41306552	0.0008
rs41306670	0.0
rs41307500	0.0008
rs41307894	0.0023
rs41308411	0.0
rs41309365	0.0015
rs41310004	0.0015
rs41310034	0.0015
rs41310112	0.0
rs41310219	0.0038
rs41312032	0.0053
rs41313818	0.0
rs41314542	0.0008
rs41314578	0.0061
rs41316494	0.003
rs41316540	0.0015
rs41317975	0.0015
rs4135150	0.0061
rs41365445	0.0015
rs41372348	0.0008
rs4144647	0.0015
rs41449444	0.0045
rs41455648	0.0023
rs41466149	0.0
rs4147618	0.0038
rs41530048	0.0008
rs41535248	0.0
rs4271649	0.0015
rs4298540	0.0015
rs4301614	0.0015
rs4317843	0.0076
rs4326027	0.0045
rs4351270	0.0038
rs4397733	0.003
rs4403687	0.0136
rs445219	0.003
rs4462245	0.003
rs4469405	0.0053
rs4510721	0.0008
rs4533897	0.0008
rs4540253	0.0038
rs45440499	0.003
rs45442999	0.0015
rs45445798	0.0061
rs45448395	0.0023
rs45449799	0.0008
rs45450699	0.0045
rs45457395	0.0076
rs45458197	0.0023
rs45461901	0.0008
rs45464194	0.0053
rs45464494	0.003
rs45467394	0.0008
rs45480805	0.0015
rs45488394	0.0
rs45491604	0.0008
rs45497800	0.0023
rs45512397	0.0053
rs45525731	0.0023
rs45527638	0.0068
rs45532139	0.0008
rs45533333	0.0053
rs45543631	0.0023
rs45548931	0.0023
rs45561437	0.0015
rs45561733	0.0038
rs45574738	0.0015
rs45579031	0.0068
rs45590031	0.0
rs45594531	0.0015
rs45598031	0.0015
rs45601238	0.0076
rs45605937	0.0061
rs45606645	0.0038
rs45610535	0.0038
rs45622542	0.0038
rs4564646	0.0068
rs4615904	0.0076
rs4617810	0.0038
rs4636015	0.0189
rs4656219	0.0038
rs4658995	0.0106
rs4659140	0.0106
rs4663949	0.0023
rs4667501	0.0015
rs4675979	0.0061
rs4679243	0.0008
rs4683639	0.0083
rs4683641	0.0083
rs4683642	0.0083
rs4683644	0.0083
rs4692588	0.0038
rs4692779	0.0038
rs4705062	0.0053
rs4714750	0.0068
rs471652	0.0076
rs4718426	0.0015
rs473006	0.0083
rs4742801	0.0015
rs4743291	0.0068
rs4743469	0.0015
rs4750495	0.0113
rs4751171	0.0045
rs4752072	0.0015
rs4771246	0.003
rs4809292	0.0053
rs4809517	0.0045
rs4812985	0.003
rs4834329	0.0098
rs4843086	0.0113
rs4843090	0.0106
rs4843173	0.0038
rs4844496	0.0015
rs4844509	0.0015
rs4854912	0.0265
rs4856	0.0038
rs4858662	0.0076
rs4867802	0.0083
rs4868530	0.0083
rs4869622	0.0045
rs4870399	0.0083
rs4880772	0.0008
rs4892187	0.0061
rs4910665	0.0023
rs4916439	0.0015
rs4916525	0.0015
rs4920099	0.0068
rs4920102	0.0068
rs4921756	0.0076
rs4931536	0.0061
rs4941061	0.003
rs4957048	0.0287
rs4957083	0.0045
rs4962051	0.0076
rs4962131	0.0098
rs4962144	0.0045
rs4963700	0.0061
rs4978412	0.0076
rs4978426	0.0129
rs4978444	0.0023
rs4978877	0.0076
rs4978925	0.0129
rs4978995	0.0015
rs4980157	0.0008
rs4980201	0.0015
rs4980208	0.0008
rs4980255	0.0605
rs4986771	0.0008
rs4986772	0.0008
rs499599	0.0076
rs5030198	0.0015
rs5030244	0.0015
rs5030309	0.0
rs5030322	0.0
rs5030331	0.0
rs5030504	0.0008
rs503881	0.0045
rs5066	0.0045
rs512283	0.0045
rs526306	0.0106
rs528633	0.0076
rs530713	0.0076
rs532650	0.0045
rs541463	0.0061
rs542403	0.0045
rs543230	0.0076
rs548711	0.0061
rs55634130	0.0023
rs55651720	0.0015
rs55654012	0.0008
rs55658051	0.0061
rs55659233	0.0023
rs556678	0.0045
rs55671916	0.0015
rs55675451	0.0076
rs55692124	0.0045
rs55698418	0.0015
rs55698706	0.0174
rs55707521	0.0061
rs55711105	0.0113
rs55713815	0.0
rs55715851	0.0
rs55722786	0.0083
rs55732192	0.0023
rs55732390	0.0023
rs55734217	0.0008
rs55735863	0.0053
rs55737429	0.0038
rs55742616	0.0068
rs55746128	0.003
rs55768029	0.0015
rs55776552	0.0076
rs55784821	0.0053
rs55798026	0.0076
rs55799800	0.0008
rs55810720	0.0038
rs55815838	0.0061
rs55820818	0.0008
rs55821514	0.0015
rs55834854	0.0
rs55836218	0.0008
rs55845766	0.0008
rs55856912	0.0106
rs55859894	0.0008
rs55863711	0.003
rs55863840	0.0091
rs55863869	0.0023
rs55895736	0.0008
rs55901220	0.0008
rs55913590	0.0023
rs55916026	0.0038
rs55922323	0.003
rs55927038	0.0061
rs55927955	0.0068
rs55929919	0.0008
rs55932113	0.0
rs55942143	0.0
rs55945050	0.0
rs559700	0.0061
rs55971807	0.003
rs55971915	0.0038
rs55972477	0.0008
rs55973262	0.0061
rs55973711	0.0023
rs55996659	0.0053
rs55998005	0.0038
rs55999192	0.003
rs56019602	0.0045
rs56026480	0.0038
rs56028963	0.0023
rs56038477	0.0008
rs56038728	0.0023
rs56049320	0.0121
rs56052751	0.003
rs56064918	0.0053
rs56065032	0.0076
rs56070302	0.0
rs56070801	0.0166
rs56076540	0.0038
rs56077345	0.003
rs56078340	0.0053
rs56095029	0.003
rs56102626	0.003
rs56104147	0.0008
rs56105878	0.0053
rs56109444	0.0045
rs56112030	0.0
rs56118872	0.003
rs56119332	0.003
rs56120016	0.0023
rs56120722	0.0015
rs56124677	0.0045
rs56125005	0.003
rs56135703	0.003
rs56138442	0.0008
rs56142888	0.0023
rs561564	0.0076
rs56165369	0.0008
rs56175323	0.003
rs56178387	0.0061
rs56179037	0.0008
rs56183824	0.0045
rs56188628	0.0015
rs56189532	0.0091
rs56194242	0.0053
rs56199929	0.0068
rs56201064	0.0015
rs56205137	0.0129
rs56211999	0.0083
rs56224278	0.0008
rs56225646	0.0023
rs56235016	0.0045
rs56237392	0.0
rs56238992	0.0053
rs56250604	0.0
rs56253822	0.0015
rs56255110	0.0
rs56258848	0.0015
rs56262721	0.0008
rs56266233	0.0008
rs56274252	0.0038
rs56275034	0.0053
rs56278005	0.0076
rs56286233	0.0076
rs56292551	0.0008
rs56297904	0.0008
rs56298739	0.0038
rs56302493	0.0045
rs56311024	0.0015
rs56321031	0.0061
rs56332992	0.003
rs56340711	0.0045
rs56360290	0.0008
rs56361316	0.0083
rs56370378	0.0068
rs56372801	0.0015
rs56379301	0.0
rs56383074	0.0076
rs56395606	0.0008
rs56399824	0.0053
rs56402523	0.0083
rs566125	0.0053
rs56689361	0.0045
rs57096664	0.0015
rs57104308	0.0023
rs57147900	0.0015
rs57413619	0.0038
rs57420323	0.003
rs5743556	0.0121
rs5743557	0.0121
rs5743566	0.0121
rs5743916	0.0053
rs5744258	0.0083
rs5744276	0.0083
rs5744751	0.0045
rs5745971	0.0008
rs5745994	0.0008
rs5746007	0.0008
rs5746011	0.0008
rs5746063	0.0008
rs5746774	0.0023
rs5746995	0.0023
rs5747230	0.0045
rs5751448	0.003
rs57550126	0.0
rs57576390	0.0015
rs57588843	0.003
rs5759268	0.003
rs57804458	0.0015
rs57950207	0.0015
rs57983015	0.0038
rs58068482	0.0023
rs58164128	0.0
rs58238447	0.0053
rs58315750	0.0015
rs58365272	0.0015
rs58370911	0.0
rs58644314	0.0
rs58679997	0.0015
rs58765146	0.0008
rs58821712	0.0023
rs58905600	0.0023
rs58925392	0.003
rs59381196	0.003
rs59450053	0.0061
rs59661152	0.0
rs59811569	0.0
rs59815577	0.0015
rs59846519	0.0015
rs6011719	0.0106
rs6015	0.0053
rs6018	0.0045
rs6025	0.0
rs6037	0.0053
rs60407076	0.0068
rs60458444	0.0023
rs60643875	0.0045
rs6064578	0.0015
rs6065890	0.003
rs60732964	0.0045
rs6073908	0.003
rs6075083	0.0038
rs6076489	0.0061
rs6080322	0.0038
rs6084288	0.0061
rs6084306	0.0197
rs60962336	0.0038
rs60978485	0.0015
rs61131235	0.0045
rs61212882	0.0
rs61219299	0.0015
rs61296189	0.0015
rs61729840	0.0023
rs61730397	0.0038
rs61732351	0.0106
rs61733360	0.003
rs61736089	0.0008
rs61737216	0.0045
rs61739203	0.0015
rs61741435	0.0008
rs61742590	0.0076
rs61742595	0.0015
rs61743935	0.003
rs61744488	0.0015
rs61745470	0.0053
rs61745691	0.003
rs61746391	0.0015
rs61746778	0.003
rs61747663	0.0015
rs61747665	0.0015
rs61748194	0.0008
rs61748649	0.0023
rs61749091	0.0091
rs61749636	0.003
rs61751603	0.0008
rs61752477	0.0
rs61753378	0.003
rs61754195	0.0
rs61754202	0.0
rs61754241	0.0
rs61754916	0.0015
rs61755707	0.0008
rs61756584	0.0038
rs61760379	0.0038
rs61760410	0.0038
rs61761101	0.0045
rs61761676	0.0
rs61763584	0.0045
rs61764062	0.0061
rs61769597	0.0008
rs61769623	0.0008
rs61769779	0.0038
rs61771410	0.0053
rs61791080	0.0076
rs61791081	0.0083
rs61801239	0.0053
rs61801261	0.0038
rs61811814	0.0053
rs6182	0.0
rs61821627	0.0061
rs61823160	0.0083
rs61823162	0.0076
rs61827131	0.0053
rs61827458	0.0045
rs61828292	0.0061
rs61828294	0.0061
rs61832447	0.0015
rs61838105	0.0061
rs61838107	0.0061
rs6184	0.0
rs61842467	0.0038
rs61850821	0.0083
rs61854624	0.0091
rs61854810	0.0136
rs61854814	0.0136
rs61854816	0.0136
rs61854824	0.0144
rs61854836	0.0129
rs61854839	0.0129
rs61858615	0.0076
rs61858658	0.0083
rs61858960	0.0008
rs61859605	0.003
rs61859608	0.003
rs61861065	0.0045
rs61865305	0.0008
rs61865882	0.0053
rs61867514	0.0106
rs61867955	0.0023
rs61869179	0.0068
rs61870418	0.0068
rs61874034	0.0008
rs61876340	0.0061
rs61877281	0.0008
rs61890806	0.0038
rs61893901	0.0083
rs61899393	0.0053
rs61903082	0.0061
rs61917496	0.0061
rs61918487	0.0015
rs61928913	0.0068
rs61930184	0.0038
rs61930185	0.0038
rs61939673	0.0053
rs61940351	0.0
rs61941451	0.0038
rs61943011	0.0
rs61949043	0.0045
rs61965783	0.0038
rs61976953	0.0015
rs61977396	0.0015
rs61978936	0.0015
rs61984486	0.0008
rs61984501	0.0008
rs61984526	0.0053
rs61984547	0.0008
rs61984548	0.0008
rs61984556	0.0008
rs61986488	0.0038
rs61992952	0.0061
rs61995497	0.0038
rs61995508	0.0023
rs61995873	0.0
rs62000977	0.0
rs62003582	0.0008
rs62003586	0.0008
rs62003590	0.0008
rs62003604	0.0008
rs62003615	0.0008
rs62022909	0.0106
rs62052168	0.0045
rs62052222	0.0038
rs62052223	0.0038
rs62054624	0.0053
rs62061672	0.0068
rs62061745	0.0
rs62064929	0.0023
rs62064930	0.0023
rs62086113	0.0068
rs62087095	0.0
rs62087362	0.0068
rs62087423	0.0076
rs62094302	0.0061
rs62094303	0.0061
rs62113302	0.0061
rs62113309	0.0061
rs62119679	0.0015
rs62154957	0.0068
rs62154958	0.0068
rs62156689	0.0068
rs62156692	0.0068
rs62189801	0.0038
rs62189907	0.0061
rs621901	0.0076
rs62206955	0.0038
rs62206957	0.0053
rs62208637	0.0098
rs62208638	0.0053
rs62208639	0.0098
rs62213442	0.0038
rs62214043	0.0053
rs62224813	0.0015
rs62225403	0.0038
rs62226231	0.0015
rs62226232	0.0015
rs62230001	0.0045
rs62230002	0.0045
rs62230004	0.0045
rs62230008	0.0068
rs62237218	0.0008
rs62241256	0.0083
rs62241257	0.0083
rs62241279	0.0076
rs62272517	0.0
rs62273902	0.003
rs62273959	0.003
rs62274235	0.0
rs62274881	0.0
rs62276621	0.0038
rs62277075	0.0038
rs62277142	0.003
rs62277391	0.0038
rs62277392	0.0038
rs62287405	0.0015
rs62287433	0.0023
rs62287434	0.0023
rs62287439	0.0008
rs62311741	0.0
rs62321698	0.0045
rs62324203	0.0045
rs62324206	0.0045
rs62334100	0.0076
rs62335463	0.0045
rs62341173	0.0068
rs62344202	0.0068
rs62365012	0.0
rs62379700	0.0008
rs62379731	0.0023
rs62390617	0.0061
rs62390618	0.0053
rs62404371	0.0045
rs62405860	0.0106
rs62413386	0.0
rs62436870	0.0008
rs62452022	0.0045
rs62455582	0.0015
rs62455642	0.0015
rs62456478	0.0015
rs62456482	0.0015
rs62456483	0.0015
rs62460480	0.003
rs62465748	0.0015
rs62466578	0.0015
rs62478458	0.0061
rs62480005	0.0023
rs62489378	0.0166
rs62489379	0.0166
rs62489381	0.0166
rs62492693	0.0038
rs62498904	0.0061
rs62499762	0.0083
rs62499763	0.0083
rs62499764	0.0083
rs62501006	0.0083
rs62501019	0.0083
rs62501380	0.0023
rs62518985	0.0023
rs62518987	0.0023
rs62518988	0.0023
rs62521284	0.0015
rs62522602	0.0076
rs62522620	0.0038
rs62542438	0.0008
rs62543578	0.0083
rs62558998	0.0068
rs62569893	0.0015
rs62569895	0.0015
rs62569896	0.0015
rs62569922	0.0008
rs62574263	0.0091
rs62617126	0.0
rs62617138	0.003
rs62617841	0.0053
rs62621363	0.0
rs62621388	0.0023
rs62621429	0.0015
rs62622023	0.0
rs62637606	0.0023
rs627875	0.0234
rs643641	0.0038
rs655403	0.0053
rs6563979	0.0045
rs6563980	0.0045
rs6571711	0.0023
rs6661890	0.0038
rs666923	0.0076
rs6669951	0.0008
rs66726270	0.0068
rs6673306	0.0008
rs6676051	0.0
rs66813444	0.0
rs66816038	0.0076
rs66819621	0.0121
rs6683866	0.0
rs668696	0.0038
rs6700659	0.0
rs67140788	0.0053
rs67210429	0.0174
rs6741425	0.0045
rs67432283	0.0015
rs67481714	0.0015
rs67520670	0.0015
rs67556845	0.0008
rs67583364	0.0015
rs6758981	0.0023
rs6799315	0.0061
rs68076910	0.0068
rs6813916	0.0098
rs68153744	0.0015
rs6941633	0.0015
rs6955861	0.0098
rs6989012	0.0023
rs6994507	0.0023
rs7010226	0.0023
rs7079054	0.0136
rs7080157	0.0129
rs7080936	0.003
rs7082528	0.0053
rs70937083	0.0
rs70953686	0.0076
rs7105905	0.0023
rs7121554	0.0091
rs71300373	0.0023
rs71300386	0.0015
rs71304440	0.0008
rs71304448	0.0008
rs71308939	0.0015
rs71308941	0.0015
rs71318451	0.0008
rs71318590	0.0023
rs71318952	0.0008
rs71325095	0.0053
rs71326301	0.0008
rs71327066	0.0053
rs7133666	0.0038
rs7134860	0.0106
rs71362712	0.0068
rs71387957	0.0023
rs71387958	0.0023
rs71389720	0.0023
rs71393144	0.0015
rs71394509	0.0023
rs71394512	0.0008
rs71407345	0.0045
rs71407347	0.0045
rs71407350	0.0045
rs71407718	0.0008
rs71424185	0.0076
rs71440702	0.0015
rs714455	0.0015
rs71449793	0.003
rs71454676	0.003
rs714705	0.0015
rs71482892	0.0023
rs71484605	0.0023
rs71491745	0.0015
rs71506660	0.0068
rs71522322	0.003
rs71525742	0.0008
rs7152964	0.0015
rs71550011	0.0038
rs71568233	0.003
rs71570843	0.0061
rs71579851	0.0
rs71579852	0.0
rs71605263	0.0023
rs71605482	0.0015
rs71605781	0.0
rs71613782	0.0098
rs71613792	0.0159
rs71628135	0.0008
rs71628136	0.0008
rs71633241	0.0023
rs71636213	0.0023
rs71639056	0.0015
rs7164321	0.0045
rs7173583	0.0008
rs7176384	0.0015
rs719022	0.0038
rs723439	0.0038
rs7236492	0.0098
rs7239086	0.0091
rs72472135	0.0015
rs72483216	0.0023
rs7250946	0.0008
rs72549238	0.0045
rs72553964	0.0023
rs72607198	0.0015
rs72607898	0.0008
rs72624931	0.003
rs72629796	0.0008
rs72629800	0.0008
rs72633378	0.0061
rs72646874	0.0008
rs72647484	0.0023
rs72648021	0.0015
rs72648025	0.0015
rs72648917	0.0023
rs72649956	0.0015
rs72649989	0.003
rs72650152	0.0015
rs72654479	0.0
rs72656513	0.0023
rs72656528	0.003
rs72659421	0.0023
rs72659424	0.0023
rs72659426	0.0023
rs72660315	0.0008
rs72666882	0.003
rs72666883	0.003
rs72666894	0.003
rs72666899	0.003
rs72667494	0.0091
rs72667499	0.0091
rs72668605	0.0091
rs72668609	0.0091
rs72668612	0.0091
rs72668614	0.0091
rs72669406	0.0091
rs72669418	0.003
rs72670591	0.0045
rs72671820	0.003
rs72677228	0.0008
rs72677248	0.0008
rs72678734	0.0023
rs72679191	0.0015
rs72684560	0.0008
rs72686542	0.003
rs72690413	0.0015
rs72690414	0.0015
rs72690467	0.0015
rs72690469	0.0015
rs72693841	0.0045
rs72694129	0.0
rs72694915	0.0023
rs72694926	0.0023
rs72694944	0.0023
rs72694945	0.0023
rs72695105	0.0045
rs72700121	0.0023
rs72700192	0.0015
rs72701627	0.0015
rs72703164	0.028
rs72703173	0.0295
rs72705097	0.0045
rs72705102	0.0045
rs72705194	0.0015
rs72705403	0.0015
rs72705408	0.0015
rs72705601	0.0015
rs72706022	0.0053
rs72706084	0.0023
rs72706088	0.0015
rs72707027	0.0045
rs72707803	0.0015
rs72707808	0.0015
rs72707812	0.0015
rs72709451	0.003
rs7271825	0.0008
rs72719750	0.0023
rs72720325	0.0023
rs72724450	0.0023
rs72726232	0.0023
rs72731345	0.0023
rs72731353	0.0
rs72733254	0.0008
rs72735226	0.0008
rs72735239	0.0008
rs72735244	0.0008
rs72735289	0.0008
rs72737103	0.0023
rs72737107	0.003
rs72738047	0.0076
rs72738083	0.0023
rs72738220	0.0015
rs72739204	0.0015
rs72739226	0.0015
rs72739448	0.0015
rs72740671	0.0015
rs72742982	0.003
rs72742987	0.003
rs72742989	0.003
rs72743444	0.0008
rs72744627	0.0015
rs72744726	0.003
rs72744730	0.003
rs72744768	0.0023
rs72744772	0.0023
rs72744775	0.0023
rs72744800	0.0008
rs72745565	0.0023
rs72745586	0.0008
rs72745660	0.0008
rs72749218	0.0061
rs72749964	0.0091
rs72750050	0.0045
rs72750490	0.0015
rs72751693	0.0144
rs72752463	0.0015
rs72753409	0.0008
rs72754404	0.003
rs72754410	0.0015
rs72754427	0.0015
rs72754429	0.0015
rs72754496	0.0015
rs72754499	0.0015
rs72755077	0.0038
rs72755082	0.0038
rs72755090	0.0038
rs72756408	0.0015
rs72756414	0.0015
rs72756448	0.0015
rs72756452	0.0015
rs72756457	0.0015
rs72756913	0.003
rs72756914	0.003
rs72757656	0.0015
rs72757667	0.0015
rs72758928	0.003
rs72759150	0.0068
rs72759154	0.0076
rs72759156	0.0068
rs72759157	0.003
rs72759158	0.0068
rs72759162	0.0068
rs72759164	0.0068
rs7276631	0.0038
rs72772613	0.0
rs72773905	0.0061
rs72773906	0.0053
rs72773917	0.0053
rs72773922	0.0053
rs72773932	0.0053
rs72773986	0.0068
rs72775923	0.0061
rs72784736	0.0045
rs72784739	0.0045
rs72785466	0.0
rs72785473	0.0
rs72785475	0.0
rs72785476	0.0
rs72785479	0.0
rs72785480	0.0
rs72786873	0.0008
rs72790174	0.0045
rs72791760	0.0061
rs72791764	0.0061
rs72794713	0.0015
rs72801161	0.0015
rs72801605	0.0061
rs72802411	0.0038
rs72802501	0.003
rs72802860	0.003
rs72803530	0.0
rs72803546	0.0
rs72804404	0.003
rs72804764	0.0045
rs72805414	0.0
rs72813142	0.0015
rs72816959	0.0
rs72816960	0.0
rs72816961	0.0
rs72817001	0.0008
rs72818468	0.0053
rs72819640	0.0015
rs72819648	0.0015
rs72820489	0.0053
rs72821137	0.0008
rs72822554	0.0008
rs72822562	0.0008
rs72822564	0.0008
rs72822565	0.0008
rs72822568	0.0008
rs72822577	0.0008
rs72822595	0.0008
rs72829013	0.0038
rs72829161	0.0061
rs72829162	0.0053
rs72830965	0.0091
rs72832499	0.0
rs72834104	0.0
rs72834107	0.0
rs72834377	0.0008
rs72834808	0.003
rs72835642	0.0076
rs72837885	0.0083
rs72837886	0.0083
rs72840007	0.0038
rs72840754	0.0015
rs72841656	0.0008
rs72842909	0.0015
rs72847349	0.0038
rs72851158	0.0038
rs72854503	0.0038
rs72854546	0.0038
rs72854884	0.0113
rs72856331	0.0113
rs72856401	0.0136
rs72857614	0.0136
rs72857625	0.0136
rs72857634	0.0136
rs72857635	0.0136
rs72857639	0.0136
rs72857643	0.0136
rs72857664	0.0113
rs72867869	0.0
rs72867875	0.0
rs72867880	0.0
rs72867883	0.0
rs72867891	0.0
rs72871404	0.0023
rs72871421	0.0015
rs72893332	0.0008
rs72901717	0.0061
rs72905039	0.0023
rs72905047	0.0023
rs72905234	0.0008
rs72905420	0.0008
rs72905444	0.0008
rs72905446	0.0008
rs72907111	0.0008
rs72907230	0.0008
rs72909438	0.0015
rs72909446	0.0023
rs72911116	0.0008
rs72913427	0.0045
rs72930352	0.0015
rs72930365	0.0015
rs729376	0.0129
rs72959670	0.0015
rs72959672	0.0015
rs72959695	0.0015
rs72960926	0.0
rs72967500	0.0045
rs72973711	0.0068
rs729738	0.0174
rs72984147	0.003
rs72984182	0.003
rs72984194	0.003
rs72985053	0.0015
rs72985659	0.0015
rs72986132	0.0015
rs72993395	0.0023
rs72997780	0.0045
rs73007486	0.0045
rs73009313	0.0045
rs73011443	0.0023
rs73026761	0.0068
rs73032322	0.0151
rs73034977	0.0008
rs73034986	0.0008
rs73036603	0.0008
rs73036604	0.0008
rs73036609	0.0008
rs73036951	0.0023
rs73038724	0.0023
rs73040507	0.0053
rs73040522	0.0053
rs73041336	0.0015
rs73041340	0.0015
rs73043225	0.0015
rs73044476	0.0008
rs73044480	0.0008
rs73045383	0.0083
rs73051857	0.0015
rs73053336	0.003
rs73053562	0.0045
rs73060466	0.0023
rs73067001	0.0015
rs73068422	0.0023
rs73071938	0.0023
rs73075075	0.0061
rs73075354	0.0174
rs73075375	0.0061
rs73075378	0.0061
rs7308192	0.0015
rs73082506	0.0023
rs73082509	0.0023
rs73082600	0.0068
rs73083948	0.0038
rs73084505	0.0068
rs73084575	0.0068
rs73085945	0.0023
rs73094670	0.0113
rs73094689	0.0098
rs73095647	0.003
rs73100784	0.0098
rs73102188	0.0144
rs73104410	0.0045
rs73105803	0.0174
rs73105814	0.0159
rs73105819	0.0159
rs73105845	0.0136
rs73105847	0.0136
rs73123257	0.0061
rs73129082	0.0053
rs73129084	0.0053
rs73129096	0.0053
rs73129326	0.0
rs73131008	0.0053
rs73131013	0.0053
rs73146775	0.0098
rs73155581	0.0038
rs7315910	0.0045
rs73159540	0.0045
rs73167669	0.0045
rs73167670	0.0045
rs73169629	0.003
rs73169632	0.0023
rs73170106	0.0008
rs73170108	0.0008
rs73170110	0.0008
rs73180775	0.003
rs73180779	0.003
rs73183129	0.0008
rs73183152	0.0008
rs73190602	0.0008
rs73191771	0.0008
rs73191774	0.0008
rs73192759	0.0015
rs73196293	0.0023
rs73198444	0.0015
rs73198862	0.0008
rs73198869	0.0008
rs73200908	0.003
rs73201545	0.0008
rs73202633	0.0068
rs73202635	0.0068
rs73202639	0.0068
rs73202647	0.0068
rs73202653	0.0068
rs73203897	0.0045
rs73203936	0.0038
rs73205065	0.0061
rs73206295	0.0
rs73206297	0.0
rs73207014	0.0083
rs73207025	0.0083
rs73207996	0.0008
rs73208001	0.0008
rs73208583	0.0098
rs73208584	0.0076
rs73210614	0.0008
rs73211969	0.0015
rs73216114	0.0023
rs73216216	0.0083
rs73221373	0.0008
rs73222287	0.0
rs73222786	0.0038
rs73222787	0.0038
rs73224104	0.0
rs73224108	0.0
rs73224114	0.0
rs73225208	0.0008
rs73225862	0.003
rs73225867	0.003
rs73226270	0.0068
rs73227027	0.0053
rs73227036	0.0053
rs73227998	0.0008
rs73228506	0.0053
rs73228518	0.0045
rs73229630	0.0008
rs73229903	0.0008
rs73230322	0.0008
rs73230328	0.0
rs73231620	0.0008
rs73236067	0.0038
rs73236617	0.0113
rs73237191	0.0015
rs73238383	0.0038
rs73238384	0.0038
rs73238390	0.0038
rs7342575	0.0068
rs737303	0.0015
rs7379133	0.0038
rs74174979	0.003
rs74251919	0.0015
rs74252051	0.003
rs74288771	0.0023
rs74325302	0.0023
rs74333135	0.0068
rs74333200	0.0
rs74335520	0.0015
rs7434	0.0045
rs74341183	0.003
rs74341213	0.0053
rs74341655	0.0038
rs74345604	0.0008
rs74355411	0.0
rs74356179	0.0015
rs74361452	0.003
rs74361653	0.003
rs74368123	0.0053
rs74368915	0.003
rs74369806	0.0045
rs74370790	0.0
rs74371000	0.0038
rs74375131	0.0053
rs74381597	0.0008
rs74391596	0.0038
rs74392444	0.0023
rs74402426	0.003
rs74405942	0.0061
rs74410015	0.003
rs74411744	0.0
rs74414988	0.0061
rs74415001	0.0129
rs74421317	0.0068
rs74421427	0.0008
rs74433475	0.0015
rs74439121	0.0
rs74448783	0.0
rs74450939	0.0045
rs74455778	0.0008
rs74474114	0.0121
rs74482100	0.0053
rs74483395	0.0038
rs74508777	0.0038
rs74511578	0.0477
rs74517256	0.0076
rs745191	0.0106
rs74519722	0.0038
rs74523251	0.003
rs7453606	0.0068
rs74541236	0.0008
rs74545845	0.003
rs74550225	0.0023
rs74553517	0.0045
rs74555884	0.0
rs74563674	0.0061
rs74564998	0.0113
rs74565340	0.0023
rs74568749	0.0015
rs74574245	0.003
rs74576495	0.0098
rs74583244	0.0038
rs74591837	0.0
rs74592437	0.003
rs74597274	0.0023
rs74598929	0.0015
rs74605627	0.0008
rs74613998	0.0038
rs74614084	0.003
rs74616609	0.0008
rs74625467	0.0038
rs74645165	0.0045
rs74645246	0.0023
rs74646429	0.0068
rs74653140	0.0023
rs74664817	0.0015
rs74667478	0.0053
rs74673663	0.0083
rs74675930	0.0023
rs746885	0.0023
rs74694063	0.0008
rs74697776	0.003
rs74697881	0.0
rs74714959	0.0113
rs74715187	0.0076
rs74720096	0.0008
rs74721675	0.0008
rs74727297	0.0045
rs74733167	0.0023
rs74733979	0.0023
rs74740614	0.0
rs74744129	0.0106
rs74745106	0.0068
rs74782031	0.0
rs74790561	0.0
rs74795058	0.003
rs74822228	0.0151
rs74824830	0.0
rs74824887	0.0091
rs74831332	0.0
rs74849028	0.0076
rs74866670	0.0061
rs74875831	0.0
rs74882027	0.0023
rs74884470	0.0038
rs74888939	0.0015
rs74889660	0.0
rs74890282	0.0015
rs74915337	0.0023
rs74918882	0.0015
rs74921118	0.0023
rs74921830	0.0008
rs749265	0.0061
rs74930624	0.0
rs74931401	0.0023
rs74932652	0.0053
rs74938001	0.0053
rs74938465	0.0
rs74964556	0.0
rs74966742	0.0008
rs74967901	0.0015
rs74981487	0.0015
rs74981834	0.0045
rs74995636	0.003
rs75002200	0.0008
rs75005035	0.0015
rs75023424	0.0008
rs75030261	0.0045
rs75030308	0.0023
rs75034459	0.0008
rs75040868	0.0038
rs75045974	0.003
rs75051488	0.0045
rs75067812	0.0
rs75071083	0.0061
rs75081822	0.003
rs75081992	0.0076
rs75092985	0.0015
rs75095909	0.003
rs75113050	0.0008
rs75113768	0.0008
rs75124379	0.0038
rs75130991	0.0023
rs75134374	0.0008
rs75139274	0.0008
rs75139276	0.0008
rs75140478	0.0008
rs75146649	0.0045
rs75149463	0.0
rs7515356	0.0
rs751580	0.0045
rs75164100	0.0068
rs75165547	0.0015
rs75169503	0.0061
rs75171064	0.0015
rs75172830	0.0038
rs75181242	0.0008
rs75186484	0.0023
rs75191347	0.0008
rs75216636	0.0045
rs75223364	0.0008
rs75225863	0.0015
rs75233652	0.0015
rs75250613	0.0023
rs75272418	0.0008
rs752729	0.0023
rs7528607	0.0
rs75297615	0.0053
rs75305592	0.003
rs75314566	0.0015
rs75316106	0.0015
rs7531877	0.0
rs75320442	0.0008
rs75325214	0.003
rs75325937	0.0015
rs75326398	0.0015
rs75328004	0.0053
rs75332115	0.0045
rs75334148	0.0038
rs75336615	0.0023
rs75344648	0.0015
rs75356513	0.0136
rs7536256	0.003
rs75370332	0.0038
rs75376057	0.0038
rs75378225	0.003
rs75384945	0.0045
rs75385781	0.0038
rs75386686	0.0008
rs75396144	0.0197
rs75399741	0.0008
rs75406809	0.0008
rs75408220	0.0038
rs75418188	0.003
rs75420146	0.0008
rs75422329	0.003
rs75424152	0.0098
rs75432732	0.0
rs75434240	0.0008
rs75444105	0.0015
rs7544462	0.0023
rs75454084	0.0023
rs75457965	0.0008
rs75460005	0.0015
rs75468672	0.0061
rs75478626	0.0038
rs7548045	0.003
rs75481064	0.0053
rs75487978	0.0045
rs75488135	0.0038
rs75492284	0.0015
rs75493593	0.003
rs75494393	0.0
rs75503655	0.0
rs75534909	0.0038
rs75536656	0.0
rs75544112	0.0091
rs75544945	0.0038
rs75550988	0.0008
rs75551887	0.0
rs75552680	0.0015
rs75557922	0.0015
rs75561597	0.0015
rs755658	0.0045
rs75568712	0.0045
rs75574390	0.0015
rs75579184	0.0008
rs75584993	0.003
rs75586311	0.0015
rs75589899	0.0045
rs75591682	0.0038
rs75593880	0.0008
rs75604586	0.003
rs75615128	0.0015
rs75622243	0.0038
rs75623709	0.0053
rs75624780	0.0023
rs75647058	0.0008
rs75650228	0.0129
rs75654014	0.0015
rs75667721	0.0045
rs75669210	0.0015
rs75670024	0.0015
rs75677509	0.0015
rs75679152	0.0008
rs75680255	0.0
rs75684939	0.003
rs75685735	0.0015
rs75687881	0.0053
rs75704147	0.0023
rs75716195	0.0015
rs75718902	0.0106
rs75728589	0.003
rs75731609	0.0008
rs75744567	0.0045
rs75746229	0.0068
rs75752156	0.0023
rs75753315	0.0083
rs75753532	0.0008
rs75760314	0.0
rs75766943	0.0053
rs75770506	0.0061
rs75773027	0.0038
rs75773105	0.0008
rs75775061	0.0023
rs75775144	0.0015
rs75775593	0.0053
rs75795353	0.0045
rs75796686	0.0
rs75798641	0.0
rs75804782	0.003
rs75809851	0.0008
rs75813143	0.0045
rs75815505	0.0008
rs75818021	0.0038
rs75819068	0.0045
rs75822029	0.0053
rs75823746	0.0023
rs75824269	0.0
rs75834045	0.003
rs75836062	0.0023
rs75847948	0.0008
rs75863782	0.003
rs75871973	0.0045
rs75876534	0.0061
rs75876913	0.0008
rs75887244	0.0008
rs75888704	0.0038
rs75895880	0.0023
rs75901112	0.0015
rs75902939	0.0
rs75903807	0.003
rs75905931	0.0076
rs75906834	0.0053
rs75908625	0.0038
rs75909794	0.0076
rs75916558	0.0023
rs75928798	0.0045
rs75930662	0.003
rs75945167	0.003
rs75955766	0.0
rs75958105	0.0008
rs75959092	0.0045
rs75962660	0.0023
rs75971696	0.0053
rs75989026	0.0
rs75991108	0.0008
rs75992354	0.0008
rs76002588	0.0038
rs76002972	0.0023
rs76004724	0.0
rs76007960	0.0045
rs76009686	0.0008
rs76010824	0.0976
rs76011192	0.0008
rs76023240	0.0038
rs76025913	0.0038
rs76031534	0.0008
rs76037365	0.0015
rs76048116	0.0015
rs76055528	0.0038
rs76060767	0.0045
rs76061745	0.0008
rs76073630	0.0008
rs76081677	0.003
rs76082150	0.0023
rs76082639	0.0
rs76084143	0.0008
rs76099342	0.0008
rs76101220	0.0023
rs76102358	0.0023
rs76114532	0.0008
rs76125482	0.0008
rs76127263	0.0015
rs76136445	0.0023
rs76137834	0.0061
rs76149821	0.0045
rs76154399	0.0
rs76164147	0.0023
rs76170465	0.0008
rs76174857	0.0015
rs76180130	0.0008
rs76181214	0.0
rs76182722	0.0045
rs76197866	0.0015
rs76201390	0.0045
rs76207821	0.0023
rs76209611	0.0015
rs76226590	0.0
rs76238093	0.0023
rs76243307	0.0015
rs76245125	0.0015
rs76251632	0.0045
rs76253354	0.0061
rs76253612	0.0023
rs76254414	0.0008
rs76257991	0.0045
rs76258148	0.0008
rs76268387	0.0008
rs76268794	0.0015
rs76271811	0.0083
rs76273862	0.0
rs76277863	0.0038
rs76282274	0.0038
rs76290402	0.0008
rs76293454	0.0053
rs76295636	0.0061
rs76297264	0.0015
rs76304565	0.003
rs76306633	0.0061
rs76312049	0.0008
rs76327990	0.0015
rs76337296	0.0038
rs763380	0.0
rs76338801	0.0015
rs76360533	0.0015
rs76360546	0.0
rs76366029	0.0023
rs76368571	0.0053
rs76369210	0.0023
rs76371476	0.0098
rs76373626	0.0023
rs76374911	0.0
rs76378020	0.0015
rs76380481	0.0015
rs76382431	0.0038
rs76383189	0.0008
rs76388709	0.0008
rs76393129	0.0008
rs76403228	0.0008
rs76407191	0.0061
rs76417104	0.003
rs76424393	0.0
rs76424583	0.0023
rs76424793	0.0038
rs76426991	0.0008
rs76427606	0.0023
rs76428285	0.0015
rs76428496	0.0038
rs76432728	0.0045
rs76438187	0.0015
rs76446409	0.0038
rs76450789	0.0008
rs76452641	0.0
rs76456417	0.0015
rs76461320	0.003
rs76465584	0.0008
rs76470057	0.0
rs76472382	0.003
rs76476178	0.0
rs764814	0.0045
rs76483342	0.0015
rs76500013	0.0015
rs76500022	0.0
rs76500814	0.0023
rs76509802	0.0008
rs76512648	0.0023
rs76519675	0.0008
rs76525618	0.0008
rs76530407	0.0053
rs76542846	0.0015
rs76548878	0.0015
rs76549486	0.003
rs76556605	0.003
rs76564443	0.003
rs76566317	0.0083
rs76578729	0.0008
rs76587478	0.0008
rs76587580	0.0023
rs76587821	0.0
rs76591066	0.0038
rs76593881	0.003
rs76596582	0.003
rs76598479	0.003
rs76603502	0.003
rs76606170	0.0061
rs76607422	0.0008
rs76611205	0.0015
rs76615154	0.0008
rs76616644	0.0
rs76625552	0.0015
rs76636639	0.0068
rs76640061	0.0023
rs76645033	0.0
rs76646287	0.0008
rs76652149	0.0061
rs76661336	0.0045
rs76664726	0.0038
rs76667043	0.003
rs76667999	0.0091
rs76670845	0.0023
rs76673199	0.0008
rs76673347	0.0008
rs76686054	0.0098
rs76692457	0.0053
rs76712193	0.0015
rs76733789	0.0091
rs76736256	0.0045
rs76743466	0.0038
rs76744724	0.0
rs76750745	0.0008
rs76755424	0.0008
rs76756924	0.0008
rs76799125	0.0008
rs76802077	0.0023
rs76806206	0.003
rs76812407	0.0008
rs76823144	0.0038
rs76823868	0.0008
rs76832623	0.0038
rs76843721	0.0076
rs7684907	0.056
rs76850967	0.0038
rs76851577	0.0015
rs76854686	0.0121
rs76858978	0.003
rs76863142	0.0008
rs76864798	0.0015
rs76866369	0.0008
rs76866707	0.003
rs76881960	0.003
rs76884027	0.0
rs76889809	0.0045
rs76891874	0.003
rs76897873	0.0113
rs76901359	0.0038
rs76910977	0.0068
rs76912096	0.0038
rs7691220	0.0045
rs76912607	0.0015
rs76917254	0.0053
rs76920154	0.0
rs76920259	0.003
rs76923332	0.0
rs76931865	0.0008
rs76935838	0.0008
rs76936936	0.0
rs76940013	0.0038
rs76945616	0.0045
rs76946626	0.0045
rs76957581	0.0008
rs76958725	0.0015
rs76962712	0.0091
rs76964094	0.0045
rs76966342	0.0023
rs76967079	0.0038
rs7697	0.0091
rs76970555	0.0015
rs76974567	0.0023
rs76974730	0.0015
rs76975402	0.0
rs76975862	0.0023
rs76979570	0.0008
rs76990365	0.0068
rs76991100	0.0
rs77004437	0.0045
rs77004774	0.0015
rs77020006	0.0008
rs77021638	0.0008
rs77024950	0.0023
rs77027899	0.0015
rs77031141	0.0045
rs77031299	0.0053
rs77031591	0.0038
rs77039882	0.0023
rs77045712	0.0008
rs77047648	0.003
rs77050135	0.0008
rs77050488	0.0113
rs77059054	0.0015
rs77067284	0.0008
rs77081106	0.0015
rs77084823	0.0061
rs77088019	0.0053
rs77088165	0.0
rs77088627	0.0008
rs77088978	0.0
rs77089951	0.0015
rs77092427	0.0068
rs77096954	0.0008
rs77098731	0.0053
rs77111682	0.0023
rs77111704	0.0023
rs77114030	0.0015
rs77115785	0.0053
rs77122324	0.0008
rs77123356	0.0015
rs77124336	0.0
rs77129424	0.0038
rs77130393	0.0
rs77136167	0.0008
rs77140427	0.0
rs77141843	0.0
rs77142513	0.0023
rs77148178	0.0
rs77154496	0.003
rs77154720	0.0
rs77159505	0.0015
rs77159771	0.003
rs77168494	0.0015
rs77170450	0.003
rs77173600	0.0015
rs77181337	0.0023
rs77182097	0.0023
rs77184543	0.0015
rs77189816	0.0083
rs77189834	0.0038
rs77202016	0.0023
rs77230062	0.0
rs77234799	0.0008
rs77246626	0.0038
rs77251111	0.0015
rs77251208	0.0
rs77265338	0.0038
rs77266660	0.0015
rs77268858	0.0023
rs77272487	0.0008
rs7728652	0.0045
rs77296419	0.0015
rs77297895	0.0008
rs77311971	0.0015
rs77317608	0.0023
rs77324418	0.0008
rs77333662	0.0113
rs77344936	0.0023
rs77356186	0.0008
rs77363876	0.0038
rs77370153	0.003
rs77373036	0.0008
rs77373518	0.0038
rs77377312	0.0015
rs77377514	0.0008
rs77377545	0.0008
rs77387850	0.0023
rs77401317	0.0045
rs77401825	0.0053
rs77406853	0.0015
rs77410003	0.0023
rs77416013	0.0023
rs77417270	0.0038
rs77420633	0.0008
rs77446609	0.0008
rs77459137	0.0015
rs77460266	0.0008
rs77471834	0.0
rs77499007	0.0015
rs77501713	0.0015
rs77509056	0.0015
rs77517213	0.0008
rs77517702	0.0023
rs77522907	0.0038
rs77530959	0.003
rs77531051	0.0008
rs77535462	0.0023
rs7754645	0.0
rs77549436	0.0045
rs77550815	0.0053
rs77557302	0.0083
rs77575392	0.0008
rs77586050	0.0
rs77589206	0.003
rs77589918	0.0076
rs77589994	0.003
rs77592577	0.0015
rs77594915	0.003
rs77595942	0.0023
rs77596687	0.0045
rs77598274	0.0015
rs77599373	0.0008
rs77610498	0.0053
rs77611848	0.0008
rs77629510	0.0023
rs77630359	0.0008
rs77634787	0.0068
rs77636349	0.0
rs77645874	0.003
rs77646091	0.0015
rs77652266	0.0015
rs77658083	0.003
rs77658310	0.0076
rs77660932	0.0045
rs77661008	0.0008
rs77669575	0.0038
rs77673283	0.0008
rs77675970	0.0
rs77680079	0.0038
rs77690739	0.0023
rs77693238	0.0008
rs77694167	0.0068
rs77700689	0.0038
rs77701481	0.0023
rs77707831	0.0015
rs77725161	0.0053
rs77734990	0.0053
rs77745306	0.003
rs77749686	0.0015
rs77753132	0.0008
rs77756953	0.0061
rs77757360	0.0053
rs77759672	0.0068
rs77767172	0.0061
rs77778912	0.0076
rs77789609	0.0
rs77792692	0.0045
rs77796335	0.0023
rs77812627	0.0023
rs77813497	0.0053
rs77824192	0.0091
rs77836693	0.0159
rs77852257	0.0038
rs77866255	0.0015
rs77868073	0.0038
rs77871000	0.0038
rs77871980	0.0008
rs77875663	0.003
rs7788519	0.0098
rs77888037	0.0008
rs77895023	0.0053
rs77895518	0.0008
rs77896070	0.0045
rs77898856	0.0
rs77900321	0.0053
rs77909633	0.0053
rs77922702	0.0121
rs77924872	0.0008
rs77933650	0.0068
rs77936892	0.0023
rs77941044	0.0008
rs77948501	0.0023
rs77951644	0.0
rs77953363	0.0
rs77966288	0.0008
rs77967063	0.0008
rs77985203	0.0008
rs77989302	0.0045
rs77993222	0.0023
rs77997252	0.0015
rs77997575	0.0023
rs77999032	0.0023
rs78000484	0.0038
rs78004914	0.0076
rs78014296	0.0015
rs78021958	0.0068
rs78026907	0.0008
rs78034278	0.0015
rs78041391	0.0023
rs78051065	0.0053
rs78057979	0.0053
rs78060173	0.0023
rs78062815	0.0038
rs78076054	0.0008
rs78080338	0.003
rs78084468	0.0038
rs78094071	0.0113
rs78095001	0.0008
rs78095897	0.0008
rs78110270	0.0053
rs78111482	0.0015
rs78113061	0.0008
rs78114555	0.0023
rs78114727	0.003
rs78128089	0.0083
rs78129473	0.0053
rs78138666	0.0076
rs78153629	0.0749
rs78154423	0.0
rs78163348	0.003
rs78177567	0.0091
rs78179329	0.0015
rs78179871	0.0
rs78213549	0.0008
rs78214821	0.0038
rs78219559	0.0015
rs78225991	0.0038
rs78226032	0.0091
rs78236778	0.0015
rs78240172	0.0023
rs78257390	0.0038
rs7825832	0.0061
rs78267924	0.0015
rs78268631	0.0015
rs78272409	0.0023
rs78286996	0.0038
rs78294374	0.0023
rs78323463	0.0023
rs78327443	0.0023
rs78341058	0.0015
rs78345080	0.0106
rs78346592	0.0008
rs78350622	0.0015
rs78354721	0.0015
rs78357902	0.0045
rs78368522	0.0015
rs78382337	0.0008
rs78383294	0.0106
rs78383502	0.0008
rs78385480	0.003
rs78387366	0.0076
rs78391309	0.003
rs78412086	0.0023
rs78412729	0.0015
rs78414747	0.0008
rs78430922	0.0008
rs78432194	0.0
rs78433912	0.0015
rs78438678	0.0015
rs78456400	0.0076
rs78456934	0.0
rs78480129	0.0
rs78486451	0.0015
rs78492776	0.0008
rs78493076	0.003
rs78493456	0.0
rs78498928	0.0038
rs78509658	0.003
rs78521980	0.0068
rs78522704	0.0023
rs78525407	0.0015
rs78526881	0.0045
rs785278	0.0113
rs78541758	0.0053
rs78560808	0.003
rs78561031	0.0023
rs78562044	0.0015
rs78565130	0.0015
rs78572718	0.0008
rs78577000	0.003
rs78584251	0.0015
rs78588343	0.0091
rs78591145	0.0023
rs78594826	0.0015
rs78610369	0.0008
rs78614461	0.0015
rs78616585	0.0174
rs78625340	0.0008
rs78626077	0.0
rs78630786	0.0015
rs78640920	0.0008
rs78644792	0.0053
rs78654705	0.0015
rs78663760	0.0038
rs78708540	0.003
rs78717371	0.0045
rs78720490	0.003
rs78765025	0.0008
rs78765175	0.0008
rs78766429	0.003
rs78771907	0.0015
rs78772333	0.0
rs78773431	0.0
rs78784939	0.0008
rs78785901	0.0068
rs78790313	0.0045
rs78794658	0.0008
rs78798833	0.0061
rs78804216	0.0
rs78804955	0.0023
rs78816728	0.0015
rs78825922	0.0015
rs78831981	0.0008
rs78835561	0.003
rs78835904	0.0045
rs78841729	0.0015
rs78841925	0.0061
rs78843432	0.0008
rs78844563	0.0015
rs78849392	0.0023
rs78857663	0.0023
rs78861923	0.0008
rs78867067	0.0
rs78874807	0.0023
rs78875495	0.0008
rs78880044	0.0045
rs78884688	0.0015
rs78891702	0.0015
rs78893403	0.0015
rs78907632	0.0008
rs78916676	0.0008
rs78918051	0.0008
rs78919810	0.0015
rs78937673	0.0
rs78938461	0.0038
rs78943832	0.0053
rs78951635	0.003
rs78951658	0.0061
rs78961602	0.0
rs78964926	0.0008
rs78968152	0.0008
rs78971625	0.003
rs78995989	0.0008
rs78996939	0.0053
rs79000808	0.0023
rs79005065	0.003
rs79011538	0.0053
rs79016062	0.0
rs79019062	0.0008
rs79032345	0.0015
rs79035370	0.0
rs79050107	0.0008
rs79052414	0.0015
rs79064806	0.0038
rs79065831	0.0091
rs79079500	0.0
rs79083653	0.0045
rs79094992	0.0008
rs79096460	0.0023
rs79097822	0.0045
rs79107831	0.0015
rs79109213	0.0008
rs79119567	0.0015
rs79120278	0.0061
rs79122495	0.0008
rs7912580	0.0083
rs79128760	0.0015
rs79132362	0.0
rs79148864	0.0015
rs79162878	0.0
rs79164092	0.003
rs79170531	0.0023
rs79171356	0.0015
rs79175817	0.0076
rs79178522	0.0008
rs79192944	0.0015
rs79193502	0.0015
rs79196446	0.0008
rs79206070	0.0008
rs79210836	0.0038
rs79219368	0.0
rs79221269	0.0015
rs79223895	0.0045
rs79224019	0.0023
rs79226160	0.0076
rs79227854	0.003
rs79229394	0.0008
rs79229447	0.0038
rs79231192	0.0015
rs79233568	0.003
rs79240715	0.0068
rs79249621	0.0008
rs79257313	0.0015
rs79263912	0.0023
rs79269300	0.0023
rs79270994	0.0038
rs79281377	0.0053
rs79285925	0.0129
rs79286798	0.0008
rs79286909	0.0008
rs79298244	0.0189
rs79302200	0.0
rs79306172	0.0008
rs79319720	0.0038
rs79322043	0.003
rs79329710	0.0008
rs79332984	0.0061
rs79333564	0.0038
rs79344911	0.0008
rs79350244	0.0045
rs79351136	0.0015
rs79354847	0.0015
rs79359916	0.0015
rs79361777	0.0
rs79367933	0.003
rs79370759	0.0098
rs79372086	0.0038
rs79379654	0.0053
rs79390005	0.0053
rs79395925	0.0015
rs79398728	0.0076
rs79407947	0.003
rs79409000	0.0
rs79419498	0.0053
rs79422696	0.0008
rs7943082	0.0015
rs79431108	0.0015
rs79442692	0.0008
rs79443764	0.0
rs79452450	0.0083
rs79458311	0.0008
rs79459159	0.0
rs79471398	0.0
rs79475160	0.003
rs79477279	0.0053
rs79478876	0.0015
rs79488201	0.0015
rs79509626	0.003
rs79515878	0.0
rs79522248	0.0023
rs79527670	0.0068
rs79532033	0.0045
rs79537883	0.0015
rs79539098	0.0
rs79539940	0.0023
rs79541287	0.0045
rs79542950	0.0008
rs79553328	0.0068
rs79557502	0.0015
rs79560777	0.0015
rs79568461	0.0045
rs79575517	0.0015
rs79577583	0.0023
rs7958377	0.0045
rs79585133	0.0023
rs79588499	0.0
rs79595726	0.0015
rs79597379	0.0008
rs79599292	0.0
rs79599759	0.0015
rs79600465	0.003
rs7960190	0.0113
rs79602683	0.0045
rs79603331	0.0
rs79614693	0.0
rs79621157	0.0
rs79637671	0.0061
rs79640190	0.0015
rs79641366	0.0076
rs79644708	0.0008
rs79646128	0.0008
rs79674888	0.0
rs79686092	0.0038
rs79689570	0.003
rs79697612	0.0015
rs79703132	0.0045
rs79727477	0.0
rs79735004	0.0061
rs79739977	0.0038
rs79743260	0.0045
rs79746947	0.0023
rs79754022	0.003
rs79756554	0.0023
rs79760173	0.0045
rs7976358	0.0068
rs79763765	0.0015
rs7976535	0.0068
rs79766989	0.0015
rs79781390	0.003
rs79781992	0.0008
rs79785962	0.0045
rs79788276	0.0068
rs79804234	0.0053
rs79813240	0.0
rs79815682	0.0
rs79816312	0.0068
rs79820253	0.0008
rs79820773	0.0053
rs79829632	0.0008
rs79833237	0.0015
rs79837858	0.0045
rs79839983	0.0008
rs79843661	0.0038
rs79847281	0.0015
rs79847836	0.0038
rs79863994	0.0
rs79864121	0.0038
rs79866272	0.0008
rs79867143	0.0083
rs79878396	0.0
rs79891016	0.0023
rs79892070	0.0
rs79898762	0.0023
rs79900559	0.0008
rs79901850	0.0045
rs79902421	0.0083
rs79917461	0.0008
rs79922401	0.003
rs79927331	0.0023
rs79934417	0.0015
rs79947055	0.0068
rs79954429	0.0045
rs79964202	0.0045
rs79967159	0.0068
rs79976553	0.0015
rs79978979	0.0008
rs79997323	0.0015
rs79998896	0.0008
rs80012713	0.0023
rs80026584	0.0
rs80031698	0.0
rs8004440	0.0038
rs80049070	0.0008
rs80050198	0.0053
rs8007065	0.0023
rs80073167	0.0076
rs80084639	0.0106
rs80085713	0.0008
rs80095440	0.0045
rs80097962	0.0038
rs80104336	0.0015
rs80107611	0.0015
rs80108042	0.0038
rs80108807	0.0015
rs80113622	0.0008
rs80130407	0.0023
rs80133293	0.0008
rs80138579	0.0015
rs80143300	0.0038
rs80146221	0.0045
rs80147279	0.0015
rs80161252	0.0015
rs80168392	0.0015
rs80172174	0.003
rs80172601	0.0076
rs80176356	0.0053
rs80182147	0.0038
rs80195568	0.0023
rs80214198	0.0068
rs80217236	0.0008
rs80221439	0.0015
rs80223134	0.0008
rs80227296	0.0038
rs80243092	0.0038
rs80246692	0.0008
rs80248888	0.0015
rs80249049	0.0
rs80249689	0.0008
rs80256658	0.0008
rs80257343	0.0045
rs80268362	0.0068
rs80277141	0.0129
rs80278094	0.0038
rs80282656	0.0008
rs80288990	0.0015
rs80296143	0.0
rs80307360	0.0053
rs80312516	0.0
rs80315070	0.0023
rs80319673	0.0023
rs80322153	0.0015
rs80324263	0.0015
rs80330909	0.003
rs80331402	0.0023
rs80332649	0.0008
rs80337769	0.003
rs80344405	0.0
rs80348048	0.0008
rs80353117	0.0023
rs8040755	0.0038
rs8093952	0.0068
rs8111649	0.0015
rs8177325	0.0
rs8177565	0.0015
rs8177567	0.0015
rs8177568	0.0015
rs8187838	0.0008
rs8191409	0.0008
rs8191429	0.0008
rs8192182	0.0038
rs8192200	0.0008
rs8192327	0.0038
rs8192330	0.0038
rs8192640	0.0008
rs827315	0.0068
rs8677	0.0015
rs8717	0.0113
rs873483	0.0038
rs873531	0.0008
rs874243	0.0061
rs877282	0.0318
rs880312	0.0068
rs883133	0.0023
rs895380	0.0023
rs901033	0.0008
rs921122	0.0015
rs9282790	0.0015
rs9319366	0.0038
rs9319997	0.0061
rs9333539	0.0023
rs9333555	0.0008
rs9372179	0.0023
rs9374008	0.0023
rs9399233	0.003
rs9402452	0.0038
rs9436	0.0098
rs947350	0.0061
rs950169	0.0113
rs9509688	0.0091
rs9509812	0.0113
rs9516521	0.003
rs9522182	0.0045
rs9530144	0.0068
rs9530145	0.0068
rs9532297	0.0083
rs9543143	0.0053
rs954738	0.003
rs9548524	0.0083
rs954901	0.0129
rs955587	0.0045
rs9565310	0.0053
rs9573976	0.0038
rs9581849	0.0038
rs9581852	0.0061
rs959989	0.0008
rs9609527	0.0098
rs9616363	0.0045
rs9622400	0.0045
rs9625965	0.0045
rs963171	0.0408
rs9634731	0.0053
rs9635011	0.0053
rs9647574	0.0091
rs9658770	0.0045
rs9658776	0.0045
rs9658785	0.0045
rs966751	0.0023
rs970134	0.0091
rs970135	0.0174
rs971756	0.0076
rs971757	0.0076
rs971768	0.0023
rs9787570	0.0023
rs9788136	0.0053
rs9815630	0.0
rs9836554	0.0
rs9837806	0.0008
rs9984118	0.0068
rs998647	0.0023
